-- phpMyAdmin SQL Dump
-- version 4.5.1
-- http://www.phpmyadmin.net
--
-- Host: 127.0.0.1
-- Generation Time: Aug 30, 2017 at 10:14 AM
-- Server version: 10.1.13-MariaDB
-- PHP Version: 5.6.20

SET SQL_MODE = "NO_AUTO_VALUE_ON_ZERO";
SET time_zone = "+00:00";


/*!40101 SET @OLD_CHARACTER_SET_CLIENT=@@CHARACTER_SET_CLIENT */;
/*!40101 SET @OLD_CHARACTER_SET_RESULTS=@@CHARACTER_SET_RESULTS */;
/*!40101 SET @OLD_COLLATION_CONNECTION=@@COLLATION_CONNECTION */;
/*!40101 SET NAMES utf8mb4 */;

--
-- Database: `benvin`
--

-- --------------------------------------------------------

--
-- Table structure for table `wp_shc_companies`
--

CREATE TABLE `wp_shc_companies` (
  `id` int(11) NOT NULL,
  `company_id` varchar(10) NOT NULL,
  `company_name` varchar(255) NOT NULL,
  `active` int(1) NOT NULL DEFAULT '1'
) ENGINE=InnoDB DEFAULT CHARSET=latin1;

--
-- Dumping data for table `wp_shc_companies`
--

INSERT INTO `wp_shc_companies` (`id`, `company_id`, `company_name`, `active`) VALUES
(1, 'BA', 'Benvin Accessociate', 1),
(2, 'JVB', 'J V Benvin', 1),
(3, 'JCB', 'J C Benvin', 1);

-- --------------------------------------------------------

--
-- Table structure for table `wp_shc_customers`
--

CREATE TABLE `wp_shc_customers` (
  `id` int(11) NOT NULL,
  `name` text NOT NULL,
  `mobile` varchar(255) NOT NULL,
  `address` text NOT NULL,
  `type` varchar(255) NOT NULL DEFAULT 'retail',
  `bill_from_comp` int(2) NOT NULL DEFAULT '1',
  `created_at` datetime NOT NULL DEFAULT CURRENT_TIMESTAMP,
  `modified_at` timestamp NOT NULL DEFAULT '0000-00-00 00:00:00' ON UPDATE CURRENT_TIMESTAMP,
  `active` int(11) NOT NULL DEFAULT '1'
) ENGINE=InnoDB DEFAULT CHARSET=latin1;

--
-- Dumping data for table `wp_shc_customers`
--

INSERT INTO `wp_shc_customers` (`id`, `name`, `mobile`, `address`, `type`, `bill_from_comp`, `created_at`, `modified_at`, `active`) VALUES
(1, 'Some Industry', '7338741381', '1/14 kavery nagar, Indragandhi stree aranganathan subway, Saidapet, Chennai - 600015 ', 'retail', 1, '2017-07-17 06:33:34', '2017-08-26 07:12:46', 1),
(2, 'Ayyanar VK', '9843987652', 'Old Perunkulathur', 'retail', 1, '2017-07-17 10:17:22', '2017-08-26 07:12:46', 1),
(3, 'Ms. Saradwithi Constructions', '9989033315', 'Plot No 41,\r\nPrakash Nagar,\r\nAG colony,\r\nHyderabad', 'retail', 1, '2017-08-09 12:30:41', '2017-08-26 07:12:46', 1),
(4, 'Denasa Buildcon', '9680106107', 'C-3, Sant Tukaram Vyapar Sankul,\r\nFirst Floor, Sector - 24Hotel Savali, Pune', 'retail', 1, '2017-08-09 15:11:41', '2017-08-26 07:12:46', 1),
(5, 'SSM Builders and Promoters', '9840041987', '501, Puthur Road, Alapakkam,\r\nNedunkundram Village,\r\nNew Perunkulathur,\r\nChennai - 600063', 'retail', 1, '2017-08-09 15:16:07', '2017-08-26 07:12:46', 1),
(6, 'SOM Projects Pvt Ltd', '9941909943', '11/1, Pulavar Govindan Street,\r\nGandhi Nagar,\r\nAvadi\r\nThiruvallur', 'retail', 1, '2017-08-09 16:03:56', '2017-08-26 07:12:46', 1),
(7, 'sample', '67567567', 'fghfgh', 'retail', 1, '2017-08-20 23:00:15', '2017-08-26 07:12:46', 1),
(8, 'Test Benvin Customer', '8122492884', '4-31, Kattuvilai, Karungal, Kanyakumari,Tamilnadu, 629157', 'retail', 1, '2017-08-26 12:50:28', '2017-08-29 12:41:18', 1);

-- --------------------------------------------------------

--
-- Table structure for table `wp_shc_customer_site`
--

CREATE TABLE `wp_shc_customer_site` (
  `id` int(11) NOT NULL,
  `customer_id` int(11) NOT NULL,
  `site_name` varchar(255) NOT NULL,
  `site_address` text NOT NULL,
  `phone_number` varchar(250) NOT NULL,
  `extra_contact` text NOT NULL,
  `gst_number` varchar(255) NOT NULL,
  `gst_for` varchar(10) NOT NULL,
  `created_at` datetime NOT NULL DEFAULT CURRENT_TIMESTAMP,
  `modified_at` datetime NOT NULL DEFAULT '0000-00-00 00:00:00' ON UPDATE CURRENT_TIMESTAMP,
  `active` int(1) NOT NULL DEFAULT '1'
) ENGINE=InnoDB DEFAULT CHARSET=latin1;

--
-- Dumping data for table `wp_shc_customer_site`
--

INSERT INTO `wp_shc_customer_site` (`id`, `customer_id`, `site_name`, `site_address`, `phone_number`, `extra_contact`, `gst_number`, `gst_for`, `created_at`, `modified_at`, `active`) VALUES
(1, 1, 'Industry Site 1', '1/14 kavery nagar, Indragandhi stree aranganathan subway, Saidapet, Chennai - 600015 ', '7338741381', '', '', '', '2017-07-17 06:33:54', '0000-00-00 00:00:00', 1),
(2, 2, 'Perunkulathur', 'Old Perunkulathur \r\nChennai', '9843987652', '', '', '', '2017-07-17 10:30:38', '2017-07-17 10:32:49', 1),
(3, 3, 'Gudur', 'Meenakshi Energy Pvt. Ltd', '9989033315', '', '', '', '2017-08-09 12:41:07', '0000-00-00 00:00:00', 1),
(4, 5, 'New Perunkulathur', '501, Puthur Road, Alapakkam,\r\nNedunkundram Village,\r\nNew Perunkulathur,\r\nChennai - 600063', '9840041987', 'arun:998488484', 'DFSDFSDf', 'cgst', '2017-08-09 15:17:11', '2017-08-26 08:48:27', 1),
(5, 4, 'Chemmenchery', 'Densa Buildcom, C/o. Times of India,\r\nOMR Road, Near Sathyabama University,\r\nChemmenchery, Chennai', '8072282414', '', '', 'cgst', '2017-08-09 15:36:33', '2017-08-21 06:30:41', 1),
(6, 6, 'Avadi', 'SOM Projects Pvt Ltd\r\nEngine Factory Road\r\nAvadi', '9941909943', 'ytytry', 'QW223SD', 'igst', '2017-08-09 16:06:06', '2017-08-20 22:57:10', 1),
(7, 7, 'site ss1', 'vcbcvb', '54646', 'vbcvbcv:454545', 'DF3545', 'igst', '2017-08-20 23:02:50', '0000-00-00 00:00:00', 1),
(8, 8, 'Test Customer Site', 'dfsdf', '234234', 'dfsdfsd:94984747', 'sad34234', 'igst', '2017-08-26 19:35:24', '0000-00-00 00:00:00', 1);

-- --------------------------------------------------------

--
-- Table structure for table `wp_shc_delivery`
--

CREATE TABLE `wp_shc_delivery` (
  `id` int(11) NOT NULL,
  `bill_from_comp` int(2) NOT NULL,
  `bill_no` bigint(11) NOT NULL,
  `master_id` int(11) NOT NULL,
  `delivery_date` datetime NOT NULL,
  `last_billed_date` date NOT NULL,
  `created_at` datetime NOT NULL DEFAULT CURRENT_TIMESTAMP,
  `vehicle_number` varchar(255) NOT NULL,
  `driver_name` varchar(255) NOT NULL,
  `driver_mobile` varchar(255) NOT NULL,
  `active` int(1) NOT NULL DEFAULT '1'
) ENGINE=InnoDB DEFAULT CHARSET=latin1;

--
-- Dumping data for table `wp_shc_delivery`
--

INSERT INTO `wp_shc_delivery` (`id`, `bill_from_comp`, `bill_no`, `master_id`, `delivery_date`, `last_billed_date`, `created_at`, `vehicle_number`, `driver_name`, `driver_mobile`, `active`) VALUES
(1, 0, 0, 1, '2017-07-17 06:38:00', '2017-07-16', '2017-07-17 06:38:30', '', '', '', 1),
(2, 0, 0, 2, '2016-09-09 11:17:00', '2016-09-08', '2017-07-17 11:17:58', '', '', '', 1),
(3, 0, 0, 2, '2016-09-10 11:18:00', '2016-09-09', '2017-07-17 11:18:57', '', '', '', 1),
(4, 0, 0, 2, '2016-09-13 11:19:00', '2016-09-12', '2017-07-17 11:20:11', '', '', '', 1),
(5, 0, 0, 3, '2017-02-15 07:43:00', '2017-02-14', '2017-08-09 13:24:05', '', '', '', 1),
(6, 0, 0, 4, '2016-12-08 10:02:00', '2016-12-07', '2017-08-09 15:35:25', '', '', '', 1),
(7, 0, 0, 4, '2016-12-08 10:05:00', '2016-12-07', '2017-08-09 15:36:01', '', '', '', 1),
(8, 0, 0, 4, '2016-12-08 10:06:00', '2016-12-07', '2017-08-09 15:36:32', '', '', '', 1),
(9, 0, 0, 4, '2017-02-13 10:08:00', '2017-02-12', '2017-08-09 15:39:13', '', '', '', 1),
(10, 0, 0, 4, '2017-02-13 10:09:00', '2017-02-12', '2017-08-09 15:39:38', '', '', '', 1),
(11, 0, 0, 6, '2017-04-04 12:03:00', '2017-04-03', '2017-08-09 17:35:07', '', '', '', 1),
(12, 0, 0, 6, '2017-04-15 12:05:00', '2017-04-14', '2017-08-09 17:35:57', '', '', '', 1),
(13, 0, 0, 5, '2017-01-18 05:22:00', '2017-01-17', '2017-08-10 10:56:13', '', '', '', 1),
(14, 0, 0, 5, '2017-01-23 05:27:00', '2017-01-22', '2017-08-10 10:58:23', '', '', '', 1),
(15, 0, 0, 5, '2017-01-25 05:28:00', '2017-01-24', '2017-08-10 10:59:19', '', '', '', 1),
(16, 0, 0, 5, '2017-02-13 05:29:00', '2017-02-12', '2017-08-10 11:01:24', '', '', '', 1),
(17, 0, 0, 5, '2017-02-13 05:31:00', '2017-02-12', '2017-08-10 11:04:29', '', '', '', 1),
(18, 0, 0, 5, '2017-02-18 05:34:00', '2017-02-17', '2017-08-10 11:05:16', '', '', '', 1),
(19, 0, 0, 5, '2017-02-25 05:35:00', '2017-02-24', '2017-08-10 11:09:06', '', '', '', 1),
(20, 0, 0, 6, '2017-08-19 09:55:00', '2017-08-18', '2017-08-19 15:25:43', '', '', '', 1),
(21, 0, 0, 7, '2017-08-19 09:56:00', '2017-08-18', '2017-08-19 15:26:47', '', '', '', 1),
(22, 0, 0, 5, '2017-08-20 11:55:00', '2017-08-19', '2017-08-20 17:26:01', '', '', '', 1),
(23, 0, 0, 5, '2017-08-20 11:56:00', '2017-08-19', '2017-08-20 17:26:19', 'TN 74 A8397', 'seegan', '9952380502', 1),
(24, 0, 0, 9, '2017-08-27 08:13:00', '2017-08-26', '2017-08-27 13:44:31', 'TN75 4543', 'seegan', '8122492884', 1),
(25, 3, 1, 9, '2017-08-30 08:59:00', '2017-08-29', '2017-08-27 14:29:55', '', '', '', 1);

-- --------------------------------------------------------

--
-- Table structure for table `wp_shc_delivery_detail`
--

CREATE TABLE `wp_shc_delivery_detail` (
  `id` int(11) NOT NULL,
  `delivery_id` int(11) NOT NULL,
  `master_id` int(11) NOT NULL,
  `lot_id` int(11) NOT NULL,
  `qty` int(11) NOT NULL,
  `rate_per_unit` decimal(15,2) NOT NULL,
  `delivery_date` date NOT NULL,
  `last_billed_date` date NOT NULL,
  `active` int(1) NOT NULL DEFAULT '1'
) ENGINE=InnoDB DEFAULT CHARSET=latin1;

--
-- Dumping data for table `wp_shc_delivery_detail`
--

INSERT INTO `wp_shc_delivery_detail` (`id`, `delivery_id`, `master_id`, `lot_id`, `qty`, `rate_per_unit`, `delivery_date`, `last_billed_date`, `active`) VALUES
(1, 1, 1, 1, 50, '1.10', '2017-07-17', '2017-07-16', 0),
(2, 2, 2, 4, 300, '1.90', '2016-09-09', '2016-09-08', 1),
(3, 2, 2, 3, 32, '2.80', '2016-09-09', '2016-09-08', 1),
(4, 3, 2, 1, 300, '1.00', '2016-09-10', '2016-09-09', 1),
(5, 3, 2, 3, 30, '2.80', '2016-09-10', '2016-09-09', 1),
(6, 4, 2, 1, 90, '1.00', '2016-09-13', '2016-09-12', 1),
(7, 4, 2, 2, 75, '0.80', '2016-09-13', '2016-09-12', 1),
(8, 4, 2, 4, 30, '1.90', '2016-09-13', '2016-09-12', 1),
(9, 1, 1, 3, 10, '3.00', '2017-07-17', '2017-07-16', 1),
(10, 5, 3, 3, 60, '3.00', '2017-02-15', '2017-02-14', 1),
(11, 5, 3, 6, 600, '0.70', '2017-02-15', '2017-02-14', 1),
(12, 5, 3, 7, 600, '0.70', '2017-02-15', '2017-02-14', 1),
(13, 6, 4, 5, 115, '2.67', '2016-12-08', '2016-12-07', 1),
(14, 7, 4, 5, 135, '2.67', '2016-12-08', '2016-12-07', 1),
(15, 8, 4, 5, 50, '2.67', '2016-12-08', '2016-12-07', 1),
(16, 9, 4, 5, 150, '2.67', '2017-02-13', '2017-02-12', 1),
(17, 10, 4, 5, 150, '2.67', '2017-02-13', '2017-02-12', 1),
(18, 11, 6, 33, 100, '0.70', '2017-04-04', '2017-04-03', 1),
(19, 11, 6, 24, 60, '1.50', '2017-04-04', '2017-04-03', 1),
(20, 11, 6, 14, 150, '1.80', '2017-04-04', '2017-04-03', 1),
(21, 11, 6, 18, 300, '0.30', '2017-04-04', '2017-04-03', 1),
(22, 11, 6, 31, 150, '1.00', '2017-04-04', '2017-04-03', 1),
(23, 11, 6, 16, 50, '0.25', '2017-04-04', '2017-04-03', 1),
(24, 12, 6, 18, 300, '0.30', '2017-04-15', '2017-04-14', 1),
(25, 13, 5, 35, 270, '0.70', '2017-01-18', '2017-01-17', 1),
(26, 13, 5, 24, 260, '1.50', '2017-01-18', '2017-01-17', 1),
(27, 13, 5, 7, 260, '0.70', '2017-01-18', '2017-01-17', 1),
(28, 13, 5, 6, 260, '0.70', '2017-01-18', '2017-01-17', 1),
(29, 13, 5, 28, 70, '0.80', '2017-01-18', '2017-01-17', 1),
(30, 13, 5, 27, 200, '0.90', '2017-01-18', '2017-01-17', 1),
(31, 13, 5, 20, 35, '4.50', '2017-01-18', '2017-01-17', 1),
(32, 14, 5, 35, 1300, '0.70', '2017-01-23', '2017-01-22', 1),
(33, 15, 5, 29, 90, '0.60', '2017-01-25', '2017-01-24', 1),
(34, 16, 5, 19, 12, '2.50', '2017-02-13', '2017-02-12', 1),
(35, 16, 5, 35, 148, '0.70', '2017-02-13', '2017-02-12', 1),
(36, 16, 5, 6, 60, '0.70', '2017-02-13', '2017-02-12', 1),
(37, 17, 5, 29, 50, '0.60', '2017-02-13', '2017-02-12', 1),
(38, 17, 5, 18, 500, '0.30', '2017-02-13', '2017-02-12', 1),
(39, 17, 5, 28, 50, '0.80', '2017-02-13', '2017-02-12', 1),
(40, 18, 5, 7, 100, '0.70', '2017-02-18', '2017-02-17', 1),
(41, 18, 5, 6, 100, '0.70', '2017-02-18', '2017-02-17', 1),
(42, 18, 5, 28, 50, '0.80', '2017-02-18', '2017-02-17', 1),
(43, 19, 5, 38, 60, '0.10', '2017-02-25', '2017-02-24', 1),
(44, 19, 5, 4, 30, '2.00', '2017-02-25', '2017-02-24', 1),
(45, 19, 5, 5, 30, '3.00', '2017-02-25', '2017-02-24', 1),
(46, 19, 5, 35, 40, '0.70', '2017-02-25', '2017-02-24', 1),
(47, 19, 5, 14, 50, '1.80', '2017-02-25', '2017-02-24', 1),
(48, 19, 5, 7, 40, '0.70', '2017-02-25', '2017-02-24', 1),
(49, 19, 5, 6, 40, '0.70', '2017-02-25', '2017-02-24', 1),
(50, 19, 5, 27, 60, '0.90', '2017-02-25', '2017-02-24', 1),
(51, 20, 6, 3, 50, '3.00', '2017-08-19', '2017-08-18', 1),
(52, 21, 7, 3, 50, '3.00', '2017-08-19', '2017-08-18', 1),
(53, 23, 5, 3, 1, '3.00', '2017-08-20', '2017-08-19', 1),
(54, 24, 9, 4, 10, '2.00', '2017-08-27', '2017-08-26', 1),
(55, 24, 9, 14, 100, '1.80', '2017-08-27', '2017-08-26', 1),
(56, 25, 9, 5, 1, '3.00', '2017-08-30', '2017-08-29', 1);

-- --------------------------------------------------------

--
-- Table structure for table `wp_shc_deposit`
--

CREATE TABLE `wp_shc_deposit` (
  `id` int(11) NOT NULL,
  `bill_from_comp` int(2) NOT NULL,
  `bill_no` bigint(11) NOT NULL,
  `master_id` int(11) NOT NULL,
  `customer_id` int(11) NOT NULL,
  `site_id` int(11) NOT NULL,
  `amt_times` int(2) NOT NULL,
  `total_thirty_days` decimal(15,2) NOT NULL,
  `total_ninety_days` decimal(15,2) NOT NULL,
  `deposit_date` datetime NOT NULL,
  `created_at` datetime NOT NULL DEFAULT CURRENT_TIMESTAMP,
  `modified_at` datetime NOT NULL DEFAULT '0000-00-00 00:00:00' ON UPDATE CURRENT_TIMESTAMP,
  `active` int(2) NOT NULL DEFAULT '1'
) ENGINE=InnoDB DEFAULT CHARSET=latin1;

--
-- Dumping data for table `wp_shc_deposit`
--

INSERT INTO `wp_shc_deposit` (`id`, `bill_from_comp`, `bill_no`, `master_id`, `customer_id`, `site_id`, `amt_times`, `total_thirty_days`, `total_ninety_days`, `deposit_date`, `created_at`, `modified_at`, `active`) VALUES
(1, 0, 0, 1, 1, 1, 2, '3300.00', '6600.00', '2017-07-17 06:37:00', '2017-07-17 06:37:56', '0000-00-00 00:00:00', 1),
(2, 0, 0, 2, 2, 2, 2, '38190.00', '76380.00', '2017-07-17 10:34:00', '2017-07-17 10:35:42', '2017-08-26 19:55:51', 1),
(3, 3, 5, 3, 3, 3, 3, '30600.00', '91800.00', '2017-02-05 07:22:00', '2017-08-09 13:06:27', '2017-08-26 19:59:07', 1),
(4, 3, 8, 4, 5, 4, 2, '24030.00', '48060.00', '2016-12-03 09:54:00', '2017-08-09 15:29:21', '2017-08-26 19:59:23', 1),
(5, 0, 0, 4, 5, 4, 2, '24030.00', '48060.00', '2017-08-09 10:07:00', '2017-08-09 15:38:47', '0000-00-00 00:00:00', 1),
(6, 1, 2, 5, 4, 5, 3, '67395.00', '202185.00', '2017-01-17 10:07:00', '2017-08-09 15:53:31', '2017-08-26 23:52:37', 1),
(7, 0, 0, 5, 4, 5, 3, '5268.00', '15804.00', '2017-02-13 10:27:00', '2017-08-09 16:14:00', '0000-00-00 00:00:00', 1),
(8, 0, 0, 5, 4, 5, 3, '5850.00', '17550.00', '2017-02-13 10:57:00', '2017-08-09 16:31:41', '0000-00-00 00:00:00', 1),
(9, 0, 0, 6, 6, 6, 3, '20475.00', '61425.00', '2017-04-03 11:54:00', '2017-08-09 17:29:50', '0000-00-00 00:00:00', 1),
(10, 0, 0, 6, 6, 6, 3, '2700.00', '8100.00', '2017-04-15 12:00:00', '2017-08-09 17:31:10', '0000-00-00 00:00:00', 1),
(11, 0, 0, 5, 4, 5, 3, '2430.00', '7290.00', '2017-02-18 04:17:00', '2017-08-10 09:48:29', '0000-00-00 00:00:00', 1),
(12, 0, 0, 5, 4, 5, 3, '12000.00', '36000.00', '2017-02-18 04:18:00', '2017-08-10 09:54:52', '0000-00-00 00:00:00', 1),
(13, 0, 0, 5, 4, 5, 3, '11520.00', '34560.00', '2017-02-25 05:08:00', '2017-08-10 10:49:57', '0000-00-00 00:00:00', 1),
(14, 0, 0, 7, 5, 4, 3, '9000.00', '27000.00', '2017-08-19 09:55:00', '2017-08-19 15:25:16', '0000-00-00 00:00:00', 1),
(15, 1, 3, 8, 7, 7, 3, '90.00', '270.00', '2017-08-26 20:16:00', '2017-08-27 01:46:35', '0000-00-00 00:00:00', 1),
(16, 1, 4, 8, 7, 7, 3, '90.00', '270.00', '2017-08-26 20:17:00', '2017-08-27 01:47:20', '0000-00-00 00:00:00', 1),
(17, 3, 10, 9, 8, 8, 3, '24693.00', '74079.00', '2017-08-26 20:24:00', '2017-08-27 01:54:18', '2017-08-29 19:00:56', 1),
(18, 3, 11, 9, 8, 8, 3, '0.00', '0.00', '2017-08-26 20:24:00', '2017-08-27 01:54:37', '0000-00-00 00:00:00', 1);

-- --------------------------------------------------------

--
-- Table structure for table `wp_shc_deposit_cheque`
--

CREATE TABLE `wp_shc_deposit_cheque` (
  `id` int(11) NOT NULL,
  `master_id` int(11) NOT NULL,
  `deposit_id` int(11) NOT NULL,
  `cheque_no` varchar(255) NOT NULL,
  `cheque_date` date NOT NULL,
  `cheque_amount` decimal(10,0) NOT NULL,
  `active` int(1) NOT NULL DEFAULT '1'
) ENGINE=InnoDB DEFAULT CHARSET=latin1;

--
-- Dumping data for table `wp_shc_deposit_cheque`
--

INSERT INTO `wp_shc_deposit_cheque` (`id`, `master_id`, `deposit_id`, `cheque_no`, `cheque_date`, `cheque_amount`, `active`) VALUES
(1, 1, 1, 'QWER23', '2017-07-17', '7000', 1),
(2, 3, 3, 'NEFT', '2017-02-05', '90000', 1),
(3, 4, 4, '166651', '2016-12-03', '48000', 1),
(4, 4, 5, '177880', '2017-02-15', '48000', 1),
(5, 5, 6, '000815', '2017-01-17', '209185', 1),
(6, 6, 9, '001220', '2017-04-03', '62175', 1),
(7, 6, 10, '000085', '2017-04-15', '8200', 1),
(8, 5, 13, '6456dfgdfg', '2017-08-14', '45435', 1),
(9, 8, 15, '0.00', '0000-00-00', '0', 1),
(10, 8, 16, '0.00', '0000-00-00', '0', 1),
(11, 9, 17, '0.00', '0000-00-00', '0', 1),
(12, 9, 18, '0.00', '0000-00-00', '0', 1);

-- --------------------------------------------------------

--
-- Table structure for table `wp_shc_deposit_detail`
--

CREATE TABLE `wp_shc_deposit_detail` (
  `id` int(11) NOT NULL,
  `deposit_id` int(11) NOT NULL,
  `lot_id` int(11) NOT NULL,
  `qty` int(11) NOT NULL,
  `unit_price` decimal(15,2) NOT NULL,
  `rate_thirty` decimal(15,2) NOT NULL,
  `rate_ninety` decimal(15,2) NOT NULL,
  `created_at` datetime NOT NULL DEFAULT CURRENT_TIMESTAMP,
  `modified_at` datetime NOT NULL DEFAULT '0000-00-00 00:00:00' ON UPDATE CURRENT_TIMESTAMP,
  `active` int(1) NOT NULL DEFAULT '1'
) ENGINE=InnoDB DEFAULT CHARSET=latin1;

--
-- Dumping data for table `wp_shc_deposit_detail`
--

INSERT INTO `wp_shc_deposit_detail` (`id`, `deposit_id`, `lot_id`, `qty`, `unit_price`, `rate_thirty`, `rate_ninety`, `created_at`, `modified_at`, `active`) VALUES
(1, 1, 1, 100, '1.10', '3300.00', '6600.00', '2017-07-17 06:37:56', '2017-07-17 06:38:10', 1),
(2, 2, 1, 390, '1.00', '11700.00', '23400.00', '2017-07-17 10:35:42', '0000-00-00 00:00:00', 1),
(3, 2, 2, 75, '0.80', '1800.00', '3600.00', '2017-07-17 10:35:42', '0000-00-00 00:00:00', 1),
(4, 2, 3, 70, '2.80', '5880.00', '11760.00', '2017-07-17 10:35:42', '0000-00-00 00:00:00', 1),
(5, 2, 4, 330, '1.90', '18810.00', '37620.00', '2017-07-17 10:35:42', '0000-00-00 00:00:00', 1),
(6, 3, 3, 60, '3.00', '5400.00', '16200.00', '2017-08-09 13:06:27', '2017-08-09 13:34:58', 1),
(7, 3, 7, 600, '0.70', '12600.00', '37800.00', '2017-08-09 13:06:27', '2017-08-09 13:34:58', 1),
(8, 3, 6, 600, '0.70', '12600.00', '37800.00', '2017-08-09 13:06:27', '2017-08-09 13:34:58', 1),
(9, 4, 5, 300, '2.67', '24030.00', '48060.00', '2017-08-09 15:29:21', '2017-08-26 08:45:08', 1),
(10, 5, 5, 300, '2.67', '24030.00', '48060.00', '2017-08-09 15:38:47', '0000-00-00 00:00:00', 1),
(11, 6, 24, 260, '1.50', '11700.00', '35100.00', '2017-08-09 15:53:32', '2017-08-09 15:57:14', 1),
(12, 6, 35, 1570, '0.70', '32970.00', '98910.00', '2017-08-09 15:53:32', '2017-08-09 15:57:14', 1),
(13, 6, 27, 200, '0.90', '5400.00', '16200.00', '2017-08-09 15:53:32', '2017-08-09 15:57:14', 1),
(14, 6, 28, 70, '0.80', '1680.00', '5040.00', '2017-08-09 15:53:32', '2017-08-09 15:57:14', 1),
(15, 6, 7, 260, '0.70', '5460.00', '16380.00', '2017-08-09 15:53:32', '2017-08-09 15:57:14', 1),
(16, 6, 6, 260, '0.70', '5460.00', '16380.00', '2017-08-09 15:53:32', '2017-08-09 15:57:14', 1),
(17, 6, 20, 35, '4.50', '4725.00', '14175.00', '2017-08-09 15:53:32', '2017-08-09 15:57:14', 1),
(18, 7, 35, 148, '0.70', '3108.00', '9324.00', '2017-08-09 16:14:00', '0000-00-00 00:00:00', 1),
(19, 7, 6, 60, '0.70', '1260.00', '3780.00', '2017-08-09 16:14:00', '0000-00-00 00:00:00', 1),
(20, 7, 19, 12, '2.50', '900.00', '2700.00', '2017-08-09 16:14:00', '0000-00-00 00:00:00', 1),
(21, 8, 28, 50, '0.80', '1200.00', '3600.00', '2017-08-09 16:31:41', '0000-00-00 00:00:00', 1),
(22, 8, 29, 50, '0.60', '900.00', '2700.00', '2017-08-09 16:31:41', '0000-00-00 00:00:00', 1),
(23, 8, 16, 500, '0.25', '3750.00', '11250.00', '2017-08-09 16:31:42', '0000-00-00 00:00:00', 1),
(24, 9, 33, 100, '0.70', '2100.00', '6300.00', '2017-08-09 17:29:51', '0000-00-00 00:00:00', 1),
(25, 9, 24, 60, '1.50', '2700.00', '8100.00', '2017-08-09 17:29:51', '0000-00-00 00:00:00', 1),
(26, 9, 14, 150, '1.80', '8100.00', '24300.00', '2017-08-09 17:29:51', '0000-00-00 00:00:00', 1),
(27, 9, 18, 300, '0.30', '2700.00', '8100.00', '2017-08-09 17:29:51', '0000-00-00 00:00:00', 1),
(28, 9, 31, 150, '1.00', '4500.00', '13500.00', '2017-08-09 17:29:51', '0000-00-00 00:00:00', 1),
(29, 9, 16, 50, '0.25', '375.00', '1125.00', '2017-08-09 17:29:51', '0000-00-00 00:00:00', 1),
(30, 10, 18, 300, '0.30', '2700.00', '8100.00', '2017-08-09 17:31:10', '0000-00-00 00:00:00', 1),
(31, 11, 27, 90, '0.90', '2430.00', '7290.00', '2017-08-10 09:48:29', '0000-00-00 00:00:00', 1),
(32, 12, 28, 100, '0.80', '2400.00', '7200.00', '2017-08-10 09:54:52', '0000-00-00 00:00:00', 1),
(33, 12, 29, 50, '0.60', '900.00', '2700.00', '2017-08-10 09:54:52', '0000-00-00 00:00:00', 1),
(34, 12, 17, 500, '0.30', '4500.00', '13500.00', '2017-08-10 09:54:52', '0000-00-00 00:00:00', 1),
(35, 12, 6, 100, '0.70', '2100.00', '6300.00', '2017-08-10 09:54:52', '0000-00-00 00:00:00', 1),
(36, 12, 7, 100, '0.70', '2100.00', '6300.00', '2017-08-10 09:54:52', '0000-00-00 00:00:00', 1),
(37, 13, 4, 30, '2.00', '1800.00', '5400.00', '2017-08-10 10:49:57', '2017-08-14 16:52:25', 1),
(38, 13, 5, 30, '3.00', '2700.00', '8100.00', '2017-08-10 10:49:57', '2017-08-14 16:52:25', 1),
(39, 13, 27, 60, '0.90', '1620.00', '4860.00', '2017-08-10 10:49:57', '2017-08-14 16:52:25', 1),
(40, 13, 35, 40, '0.70', '840.00', '2520.00', '2017-08-10 10:49:57', '2017-08-14 16:52:25', 1),
(41, 13, 14, 50, '1.80', '2700.00', '8100.00', '2017-08-10 10:49:57', '2017-08-14 16:52:25', 1),
(42, 13, 7, 40, '0.70', '840.00', '2520.00', '2017-08-10 10:49:57', '2017-08-14 16:52:25', 1),
(43, 13, 6, 40, '0.70', '840.00', '2520.00', '2017-08-10 10:49:57', '2017-08-14 16:52:25', 1),
(44, 13, 38, 60, '0.10', '180.00', '540.00', '2017-08-10 10:49:57', '2017-08-14 16:52:25', 1),
(45, 14, 3, 100, '3.00', '9000.00', '27000.00', '2017-08-19 15:25:17', '0000-00-00 00:00:00', 1),
(46, 15, 5, 1, '3.00', '90.00', '270.00', '2017-08-27 01:46:35', '0000-00-00 00:00:00', 1),
(47, 16, 10, 1, '3.00', '90.00', '270.00', '2017-08-27 01:47:21', '0000-00-00 00:00:00', 1),
(48, 17, 3, 100, '3.00', '9000.00', '27000.00', '2017-08-29 18:41:28', '2017-08-29 19:00:57', 1),
(49, 17, 16, 200, '0.25', '1500.00', '4500.00', '2017-08-29 18:41:28', '2017-08-29 19:00:57', 1),
(50, 17, 10, 150, '3.00', '13500.00', '40500.00', '2017-08-29 18:41:28', '2017-08-29 19:00:57', 1),
(51, 17, 3, 1, '3.00', '90.00', '270.00', '2017-08-29 19:00:57', '0000-00-00 00:00:00', 1),
(52, 17, 6, 1, '0.70', '21.00', '63.00', '2017-08-29 19:00:57', '0000-00-00 00:00:00', 1),
(53, 17, 18, 1, '0.30', '9.00', '27.00', '2017-08-29 19:00:58', '0000-00-00 00:00:00', 1),
(54, 17, 18, 1, '0.30', '9.00', '27.00', '2017-08-29 19:00:58', '0000-00-00 00:00:00', 1),
(55, 17, 2, 1, '0.80', '24.00', '72.00', '2017-08-29 19:00:58', '0000-00-00 00:00:00', 1),
(56, 17, 9, 1, '0.90', '27.00', '81.00', '2017-08-29 19:00:58', '0000-00-00 00:00:00', 1),
(57, 17, 7, 1, '0.70', '21.00', '63.00', '2017-08-29 19:00:58', '0000-00-00 00:00:00', 1),
(58, 17, 7, 1, '0.70', '21.00', '63.00', '2017-08-29 19:00:58', '0000-00-00 00:00:00', 1),
(59, 17, 15, 1, '0.25', '7.50', '22.50', '2017-08-29 19:00:58', '0000-00-00 00:00:00', 1),
(60, 17, 15, 1, '0.25', '7.50', '22.50', '2017-08-29 19:00:58', '0000-00-00 00:00:00', 1),
(61, 17, 8, 1, '1.40', '42.00', '126.00', '2017-08-29 19:00:58', '0000-00-00 00:00:00', 1),
(62, 17, 18, 1, '0.30', '9.00', '27.00', '2017-08-29 19:00:59', '0000-00-00 00:00:00', 1),
(63, 17, 20, 1, '4.50', '135.00', '405.00', '2017-08-29 19:00:59', '0000-00-00 00:00:00', 1),
(64, 17, 20, 1, '4.50', '135.00', '405.00', '2017-08-29 19:00:59', '0000-00-00 00:00:00', 1),
(65, 17, 25, 1, '1.20', '36.00', '108.00', '2017-08-29 19:00:59', '0000-00-00 00:00:00', 1),
(66, 17, 25, 1, '1.20', '36.00', '108.00', '2017-08-29 19:00:59', '0000-00-00 00:00:00', 1),
(67, 17, 31, 1, '1.00', '30.00', '90.00', '2017-08-29 19:00:59', '0000-00-00 00:00:00', 1),
(68, 17, 30, 1, '1.10', '33.00', '99.00', '2017-08-29 19:00:59', '0000-00-00 00:00:00', 1);

-- --------------------------------------------------------

--
-- Table structure for table `wp_shc_hiring`
--

CREATE TABLE `wp_shc_hiring` (
  `id` int(11) NOT NULL,
  `bill_from_comp` int(2) NOT NULL,
  `bill_no` bigint(11) NOT NULL,
  `master_id` int(11) NOT NULL,
  `bill_from` date NOT NULL,
  `bill_to` date NOT NULL,
  `return_ids` text NOT NULL,
  `transportation_charge` decimal(15,2) NOT NULL,
  `sub_tot` decimal(15,2) NOT NULL,
  `gst_for` varchar(20) NOT NULL,
  `igst_amt` decimal(15,2) NOT NULL,
  `cgst_amt` decimal(15,2) NOT NULL,
  `sgst_amt` decimal(15,2) NOT NULL,
  `gst_include_tot` decimal(15,2) NOT NULL,
  `round_off` decimal(15,2) NOT NULL,
  `hiring_total` decimal(15,2) NOT NULL,
  `bill_date` date NOT NULL,
  `bill_time` time NOT NULL,
  `created_at` datetime NOT NULL DEFAULT CURRENT_TIMESTAMP,
  `modified_at` datetime NOT NULL DEFAULT '0000-00-00 00:00:00' ON UPDATE CURRENT_TIMESTAMP,
  `active` int(1) NOT NULL DEFAULT '1'
) ENGINE=InnoDB DEFAULT CHARSET=latin1;

--
-- Dumping data for table `wp_shc_hiring`
--

INSERT INTO `wp_shc_hiring` (`id`, `bill_from_comp`, `bill_no`, `master_id`, `bill_from`, `bill_to`, `return_ids`, `transportation_charge`, `sub_tot`, `gst_for`, `igst_amt`, `cgst_amt`, `sgst_amt`, `gst_include_tot`, `round_off`, `hiring_total`, `bill_date`, `bill_time`, `created_at`, `modified_at`, `active`) VALUES
(1, 0, 0, 2, '2016-11-01', '2016-11-30', '1, 2, 3', '150.00', '0.00', '', '0.00', '0.00', '0.00', '0.00', '0.00', '9543.30', '2017-07-29', '12:38:00', '2017-07-29 18:09:01', '0000-00-00 00:00:00', 1),
(3, 0, 0, 2, '2016-09-01', '2016-09-30', '5, 6, 7', '0.00', '0.00', '', '0.00', '0.00', '0.00', '0.00', '0.00', '26301.20', '2017-07-30', '09:00:00', '2017-07-30 14:33:06', '0000-00-00 00:00:00', 1),
(4, 0, 0, 5, '2017-01-01', '2017-01-31', '16', '3600.00', '0.00', '', '0.00', '0.00', '0.00', '0.00', '0.00', '30890.20', '2017-08-17', '08:38:00', '2017-08-15 15:33:12', '2017-08-17 14:08:55', 1),
(5, 0, 0, 5, '2017-01-01', '2017-01-31', '16', '3600.00', '0.00', '', '0.00', '0.00', '0.00', '0.00', '0.00', '34490.20', '2017-08-15', '09:55:00', '2017-08-15 18:15:10', '0000-00-00 00:00:00', 1),
(6, 0, 0, 5, '2017-01-01', '2017-01-31', '16', '3600.00', '0.00', '', '0.00', '0.00', '0.00', '0.00', '0.00', '30890.20', '2017-08-15', '12:56:00', '2017-08-15 18:26:28', '0000-00-00 00:00:00', 1),
(7, 0, 0, 5, '2017-01-01', '2017-01-31', '16', '3600.00', '0.00', '', '0.00', '0.00', '0.00', '0.00', '0.00', '30869.90', '2017-08-17', '06:07:00', '2017-08-17 11:40:39', '0000-00-00 00:00:00', 1),
(8, 0, 0, 4, '2016-12-01', '2016-12-31', '', '0.00', '0.00', '', '0.00', '0.00', '0.00', '0.00', '0.00', '19224.00', '2017-01-01', '10:23:00', '2017-08-18 15:54:19', '0000-00-00 00:00:00', 1),
(9, 0, 0, 4, '2017-01-01', '2017-01-31', '', '0.00', '0.00', '', '0.00', '0.00', '0.00', '0.00', '0.00', '24831.00', '2017-08-18', '10:43:00', '2017-08-18 16:14:06', '0000-00-00 00:00:00', 1),
(10, 0, 0, 7, '2017-08-01', '2017-08-31', '20, 21, 22', '0.00', '0.00', '', '0.00', '0.00', '0.00', '0.00', '0.00', '990.00', '2017-08-20', '13:47:00', '2017-08-20 19:18:14', '0000-00-00 00:00:00', 1),
(12, 0, 0, 4, '2017-08-01', '2017-08-31', '19', '1350.00', '1857.30', 'cgst', '0.00', '167.16', '167.16', '2191.62', '0.62', '2191.00', '2017-08-26', '03:33:00', '2017-08-26 09:03:05', '0000-00-00 00:00:00', 1),
(13, 3, 1, 9, '2017-08-01', '2017-08-31', '30, 31', '0.00', '221.20', 'igst', '39.82', '0.00', '0.00', '261.02', '0.00', '261.02', '2017-08-27', '14:07:00', '2017-08-27 19:37:31', '0000-00-00 00:00:00', 1),
(14, 1, 1, 5, '2017-02-01', '2017-02-28', '', '0.00', '74240.00', 'cgst', '0.00', '6681.60', '6681.60', '87603.20', '0.00', '87603.20', '2017-08-27', '14:08:00', '2017-08-27 19:38:44', '0000-00-00 00:00:00', 1);

-- --------------------------------------------------------

--
-- Table structure for table `wp_shc_hiring_detail`
--

CREATE TABLE `wp_shc_hiring_detail` (
  `id` int(11) NOT NULL,
  `hiring_bill_id` int(11) NOT NULL,
  `delivery_detail_id` int(11) NOT NULL,
  `lot_id` int(11) NOT NULL,
  `qty` int(11) NOT NULL,
  `bill_from` date NOT NULL,
  `bill_to` date NOT NULL,
  `bill_days` int(11) NOT NULL,
  `delivery_date` date NOT NULL,
  `total_days` int(11) NOT NULL,
  `rate_per_day` decimal(15,2) NOT NULL,
  `amount` decimal(15,2) NOT NULL,
  `got_return` int(1) NOT NULL,
  `min_checkbox_avail` int(1) NOT NULL,
  `min_checked` int(1) NOT NULL,
  `hiring_amt` decimal(15,2) NOT NULL,
  `hiring_amt_min` decimal(15,2) NOT NULL,
  `for_thirty_days` decimal(15,2) NOT NULL,
  `previous_paid` decimal(15,2) NOT NULL,
  `bal_to_pay` decimal(15,2) NOT NULL,
  `created_at` datetime NOT NULL DEFAULT CURRENT_TIMESTAMP,
  `modified_at` datetime NOT NULL DEFAULT '0000-00-00 00:00:00' ON UPDATE CURRENT_TIMESTAMP,
  `active` int(1) NOT NULL DEFAULT '1'
) ENGINE=InnoDB DEFAULT CHARSET=latin1;

--
-- Dumping data for table `wp_shc_hiring_detail`
--

INSERT INTO `wp_shc_hiring_detail` (`id`, `hiring_bill_id`, `delivery_detail_id`, `lot_id`, `qty`, `bill_from`, `bill_to`, `bill_days`, `delivery_date`, `total_days`, `rate_per_day`, `amount`, `got_return`, `min_checkbox_avail`, `min_checked`, `hiring_amt`, `hiring_amt_min`, `for_thirty_days`, `previous_paid`, `bal_to_pay`, `created_at`, `modified_at`, `active`) VALUES
(1, 1, 5, 3, 8, '2016-11-01', '2016-11-30', 30, '0000-00-00', 0, '2.80', '672.00', 0, 0, 0, '672.00', '0.00', '0.00', '0.00', '0.00', '2017-07-29 18:09:02', '0000-00-00 00:00:00', 1),
(2, 1, 6, 1, 90, '2016-11-01', '2016-11-07', 7, '2016-09-13', 56, '1.00', '630.00', 1, 0, 0, '630.00', '0.00', '0.00', '0.00', '0.00', '2017-07-29 18:09:02', '0000-00-00 00:00:00', 1),
(3, 1, 4, 1, 300, '2016-11-01', '2016-11-07', 7, '2016-09-10', 59, '1.00', '2100.00', 1, 0, 0, '2100.00', '0.00', '0.00', '0.00', '0.00', '2017-07-29 18:09:02', '0000-00-00 00:00:00', 1),
(4, 1, 7, 2, 75, '2016-11-01', '2016-11-08', 8, '2016-09-13', 57, '0.80', '480.00', 1, 0, 0, '480.00', '0.00', '0.00', '0.00', '0.00', '2017-07-29 18:09:02', '0000-00-00 00:00:00', 1),
(5, 1, 5, 3, 22, '2016-11-01', '2016-11-07', 7, '2016-09-10', 59, '2.80', '431.20', 1, 0, 0, '431.20', '0.00', '0.00', '0.00', '0.00', '2017-07-29 18:09:02', '0000-00-00 00:00:00', 1),
(6, 1, 3, 3, 40, '2016-11-01', '2016-11-05', 5, '2016-09-09', 58, '2.80', '560.00', 1, 0, 0, '560.00', '0.00', '0.00', '0.00', '0.00', '2017-07-29 18:09:02', '0000-00-00 00:00:00', 1),
(7, 1, 8, 4, 30, '2016-11-01', '2016-11-08', 8, '2016-09-13', 57, '1.90', '456.00', 1, 0, 0, '456.00', '0.00', '0.00', '0.00', '0.00', '2017-07-29 18:09:02', '0000-00-00 00:00:00', 1),
(8, 1, 2, 4, 179, '2016-11-01', '2016-11-08', 8, '2016-09-09', 61, '1.90', '2720.80', 1, 0, 0, '2720.80', '0.00', '0.00', '0.00', '0.00', '2017-07-29 18:09:02', '0000-00-00 00:00:00', 1),
(9, 1, 2, 4, 51, '2016-11-01', '2016-11-07', 7, '2016-09-09', 60, '1.90', '678.30', 1, 0, 0, '678.30', '0.00', '0.00', '0.00', '0.00', '2017-07-29 18:09:02', '0000-00-00 00:00:00', 1),
(10, 1, 2, 4, 70, '2016-11-01', '2016-11-05', 5, '2016-09-09', 58, '1.90', '665.00', 1, 0, 0, '665.00', '0.00', '0.00', '0.00', '0.00', '2017-07-29 18:09:02', '0000-00-00 00:00:00', 1),
(18, 3, 6, 1, 90, '2016-09-13', '2016-09-30', 18, '0000-00-00', 0, '1.00', '1620.00', 0, 0, 0, '1620.00', '0.00', '0.00', '0.00', '0.00', '2017-07-30 14:33:07', '0000-00-00 00:00:00', 1),
(19, 3, 4, 1, 300, '2016-09-10', '2016-09-30', 21, '0000-00-00', 0, '1.00', '6300.00', 0, 0, 0, '6300.00', '0.00', '0.00', '0.00', '0.00', '2017-07-30 14:33:07', '0000-00-00 00:00:00', 1),
(20, 3, 7, 2, 75, '2016-09-13', '2016-09-30', 18, '0000-00-00', 0, '0.80', '1080.00', 0, 0, 0, '1080.00', '0.00', '0.00', '0.00', '0.00', '2017-07-30 14:33:07', '0000-00-00 00:00:00', 1),
(21, 3, 5, 3, 30, '2016-09-10', '2016-09-30', 21, '0000-00-00', 0, '2.80', '1764.00', 0, 0, 0, '1764.00', '0.00', '0.00', '0.00', '0.00', '2017-07-30 14:33:07', '0000-00-00 00:00:00', 1),
(22, 3, 3, 3, 32, '2016-09-09', '2016-09-30', 22, '0000-00-00', 0, '2.80', '1971.20', 0, 0, 0, '1971.20', '0.00', '0.00', '0.00', '0.00', '2017-07-30 14:33:07', '0000-00-00 00:00:00', 1),
(23, 3, 8, 4, 30, '2016-09-13', '2016-09-30', 18, '0000-00-00', 0, '1.90', '1026.00', 0, 0, 0, '1026.00', '0.00', '0.00', '0.00', '0.00', '2017-07-30 14:33:07', '0000-00-00 00:00:00', 1),
(24, 3, 2, 4, 300, '2016-09-09', '2016-09-30', 22, '0000-00-00', 0, '1.90', '12540.00', 0, 0, 0, '12540.00', '0.00', '0.00', '0.00', '0.00', '2017-07-30 14:33:07', '0000-00-00 00:00:00', 1),
(25, 4, 28, 6, 259, '2017-01-18', '2017-01-31', 14, '0000-00-00', 0, '0.70', '2538.20', 0, 0, 0, '2538.20', '0.00', '0.00', '0.00', '0.00', '2017-08-15 15:33:12', '2017-08-17 13:10:07', 0),
(26, 4, 27, 7, 260, '2017-01-18', '2017-01-31', 14, '0000-00-00', 0, '0.70', '2548.00', 0, 0, 0, '2548.00', '0.00', '0.00', '0.00', '0.00', '2017-08-15 15:33:12', '2017-08-17 13:10:07', 0),
(27, 4, 31, 20, 35, '2017-01-18', '2017-01-31', 14, '0000-00-00', 0, '4.50', '2205.00', 0, 0, 0, '2205.00', '0.00', '0.00', '0.00', '0.00', '2017-08-15 15:33:12', '2017-08-17 13:10:07', 0),
(28, 4, 26, 24, 260, '2017-01-18', '2017-01-31', 14, '0000-00-00', 0, '1.50', '5460.00', 0, 0, 0, '5460.00', '0.00', '0.00', '0.00', '0.00', '2017-08-15 15:33:12', '2017-08-17 13:10:07', 0),
(29, 4, 30, 27, 200, '2017-01-18', '2017-01-31', 14, '0000-00-00', 0, '0.90', '2520.00', 0, 0, 0, '2520.00', '0.00', '0.00', '0.00', '0.00', '2017-08-15 15:33:12', '2017-08-17 13:10:07', 0),
(30, 4, 29, 28, 70, '2017-01-18', '2017-01-31', 14, '0000-00-00', 0, '0.80', '784.00', 0, 0, 0, '784.00', '0.00', '0.00', '0.00', '0.00', '2017-08-15 15:33:12', '2017-08-17 13:10:07', 0),
(31, 4, 33, 29, 90, '2017-01-25', '2017-01-31', 7, '0000-00-00', 0, '0.60', '378.00', 0, 0, 0, '378.00', '0.00', '0.00', '0.00', '0.00', '2017-08-15 15:33:12', '2017-08-17 13:10:07', 0),
(32, 4, 32, 35, 1300, '2017-01-23', '2017-01-31', 9, '0000-00-00', 0, '0.70', '8190.00', 0, 0, 0, '8190.00', '0.00', '0.00', '0.00', '0.00', '2017-08-15 15:33:12', '2017-08-17 13:10:07', 0),
(33, 4, 25, 35, 270, '2017-01-18', '2017-01-31', 14, '0000-00-00', 0, '0.70', '2646.00', 0, 0, 0, '2646.00', '0.00', '0.00', '0.00', '0.00', '2017-08-15 15:33:12', '2017-08-17 13:10:07', 0),
(34, 4, 28, 6, 1, '2017-01-18', '2017-01-18', 1, '2017-01-18', 1, '0.70', '0.70', 1, 1, 0, '0.70', '21.00', '21.00', '0.00', '21.00', '2017-08-15 15:33:12', '2017-08-17 13:10:07', 0),
(35, 5, 28, 6, 259, '2017-01-18', '2017-01-31', 14, '0000-00-00', 0, '0.70', '2538.20', 0, 0, 0, '2538.20', '0.00', '0.00', '0.00', '0.00', '2017-08-15 18:15:11', '0000-00-00 00:00:00', 1),
(36, 5, 27, 7, 260, '2017-01-18', '2017-01-31', 14, '0000-00-00', 0, '0.70', '2548.00', 0, 0, 0, '2548.00', '0.00', '0.00', '0.00', '0.00', '2017-08-15 18:15:11', '0000-00-00 00:00:00', 1),
(37, 5, 31, 20, 35, '2017-01-18', '2017-01-31', 14, '0000-00-00', 0, '4.50', '2205.00', 0, 0, 0, '2205.00', '0.00', '0.00', '0.00', '0.00', '2017-08-15 18:15:11', '0000-00-00 00:00:00', 1),
(38, 5, 26, 24, 260, '2017-01-18', '2017-01-31', 14, '0000-00-00', 0, '1.50', '5460.00', 0, 0, 0, '5460.00', '0.00', '0.00', '0.00', '0.00', '2017-08-15 18:15:11', '0000-00-00 00:00:00', 1),
(39, 5, 30, 27, 200, '2017-01-18', '2017-01-31', 14, '0000-00-00', 0, '0.90', '2520.00', 0, 0, 0, '2520.00', '0.00', '0.00', '0.00', '0.00', '2017-08-15 18:15:11', '0000-00-00 00:00:00', 1),
(40, 5, 29, 28, 70, '2017-01-18', '2017-01-31', 14, '0000-00-00', 0, '0.80', '784.00', 0, 0, 0, '784.00', '0.00', '0.00', '0.00', '0.00', '2017-08-15 18:15:11', '0000-00-00 00:00:00', 1),
(41, 5, 33, 29, 90, '2017-01-25', '2017-01-31', 7, '0000-00-00', 0, '0.60', '378.00', 0, 0, 0, '378.00', '0.00', '0.00', '0.00', '0.00', '2017-08-15 18:15:11', '0000-00-00 00:00:00', 1),
(42, 5, 32, 35, 1300, '2017-01-23', '2017-01-31', 9, '0000-00-00', 0, '0.70', '8190.00', 0, 0, 0, '8190.00', '0.00', '0.00', '0.00', '0.00', '2017-08-15 18:15:11', '0000-00-00 00:00:00', 1),
(43, 5, 25, 35, 270, '2017-01-18', '2017-01-31', 14, '0000-00-00', 0, '0.70', '2646.00', 0, 0, 0, '2646.00', '0.00', '0.00', '0.00', '0.00', '2017-08-15 18:15:11', '0000-00-00 00:00:00', 1),
(44, 5, 28, 6, 1, '2017-01-18', '2017-01-18', 1, '2017-01-18', 1, '0.70', '21.00', 1, 1, 1, '0.70', '21.00', '21.00', '0.00', '21.00', '2017-08-15 18:15:11', '0000-00-00 00:00:00', 1),
(45, 6, 28, 6, 259, '2017-01-18', '2017-01-31', 14, '0000-00-00', 0, '0.70', '2538.20', 0, 0, 0, '2538.20', '0.00', '0.00', '0.00', '0.00', '2017-08-15 18:26:28', '0000-00-00 00:00:00', 1),
(46, 6, 27, 7, 260, '2017-01-18', '2017-01-31', 14, '0000-00-00', 0, '0.70', '2548.00', 0, 0, 0, '2548.00', '0.00', '0.00', '0.00', '0.00', '2017-08-15 18:26:28', '0000-00-00 00:00:00', 1),
(47, 6, 31, 20, 35, '2017-01-18', '2017-01-31', 14, '0000-00-00', 0, '4.50', '2205.00', 0, 0, 0, '2205.00', '0.00', '0.00', '0.00', '0.00', '2017-08-15 18:26:28', '0000-00-00 00:00:00', 1),
(48, 6, 26, 24, 260, '2017-01-18', '2017-01-31', 14, '0000-00-00', 0, '1.50', '5460.00', 0, 0, 0, '5460.00', '0.00', '0.00', '0.00', '0.00', '2017-08-15 18:26:28', '0000-00-00 00:00:00', 1),
(49, 6, 30, 27, 200, '2017-01-18', '2017-01-31', 14, '0000-00-00', 0, '0.90', '2520.00', 0, 0, 0, '2520.00', '0.00', '0.00', '0.00', '0.00', '2017-08-15 18:26:28', '0000-00-00 00:00:00', 1),
(50, 6, 29, 28, 70, '2017-01-18', '2017-01-31', 14, '0000-00-00', 0, '0.80', '784.00', 0, 0, 0, '784.00', '0.00', '0.00', '0.00', '0.00', '2017-08-15 18:26:29', '0000-00-00 00:00:00', 1),
(51, 6, 33, 29, 90, '2017-01-25', '2017-01-31', 7, '0000-00-00', 0, '0.60', '378.00', 0, 0, 0, '378.00', '0.00', '0.00', '0.00', '0.00', '2017-08-15 18:26:29', '0000-00-00 00:00:00', 1),
(52, 6, 32, 35, 1300, '2017-01-23', '2017-01-31', 9, '0000-00-00', 0, '0.70', '8190.00', 0, 0, 0, '8190.00', '0.00', '0.00', '0.00', '0.00', '2017-08-15 18:26:29', '0000-00-00 00:00:00', 1),
(53, 6, 25, 35, 270, '2017-01-18', '2017-01-31', 14, '0000-00-00', 0, '0.70', '2646.00', 0, 0, 0, '2646.00', '0.00', '0.00', '0.00', '0.00', '2017-08-15 18:26:29', '0000-00-00 00:00:00', 1),
(54, 6, 28, 6, 1, '2017-01-18', '2017-01-18', 1, '2017-01-18', 1, '0.70', '21.00', 1, 1, 1, '0.70', '21.00', '21.00', '0.00', '21.00', '2017-08-15 18:26:29', '0000-00-00 00:00:00', 1),
(55, 7, 28, 6, 259, '2017-01-18', '2017-01-31', 14, '0000-00-00', 0, '0.70', '2538.20', 0, 0, 0, '2538.20', '0.00', '0.00', '0.00', '0.00', '2017-08-17 11:40:39', '0000-00-00 00:00:00', 1),
(56, 7, 27, 7, 260, '2017-01-18', '2017-01-31', 14, '0000-00-00', 0, '0.70', '2548.00', 0, 0, 0, '2548.00', '0.00', '0.00', '0.00', '0.00', '2017-08-17 11:40:39', '0000-00-00 00:00:00', 1),
(57, 7, 31, 20, 35, '2017-01-18', '2017-01-31', 14, '0000-00-00', 0, '4.50', '2205.00', 0, 0, 0, '2205.00', '0.00', '0.00', '0.00', '0.00', '2017-08-17 11:40:39', '0000-00-00 00:00:00', 1),
(58, 7, 26, 24, 260, '2017-01-18', '2017-01-31', 14, '0000-00-00', 0, '1.50', '5460.00', 0, 0, 0, '5460.00', '0.00', '0.00', '0.00', '0.00', '2017-08-17 11:40:39', '0000-00-00 00:00:00', 1),
(59, 7, 30, 27, 200, '2017-01-18', '2017-01-31', 14, '0000-00-00', 0, '0.90', '2520.00', 0, 0, 0, '2520.00', '0.00', '0.00', '0.00', '0.00', '2017-08-17 11:40:39', '0000-00-00 00:00:00', 1),
(60, 7, 29, 28, 70, '2017-01-18', '2017-01-31', 14, '0000-00-00', 0, '0.80', '784.00', 0, 0, 0, '784.00', '0.00', '0.00', '0.00', '0.00', '2017-08-17 11:40:39', '0000-00-00 00:00:00', 1),
(61, 7, 33, 29, 90, '2017-01-25', '2017-01-31', 7, '0000-00-00', 0, '0.60', '378.00', 0, 0, 0, '378.00', '0.00', '0.00', '0.00', '0.00', '2017-08-17 11:40:39', '0000-00-00 00:00:00', 1),
(62, 7, 32, 35, 1300, '2017-01-23', '2017-01-31', 9, '0000-00-00', 0, '0.70', '8190.00', 0, 0, 0, '8190.00', '0.00', '0.00', '0.00', '0.00', '2017-08-17 11:40:39', '0000-00-00 00:00:00', 1),
(63, 7, 25, 35, 270, '2017-01-18', '2017-01-31', 14, '0000-00-00', 0, '0.70', '2646.00', 0, 0, 0, '2646.00', '0.00', '0.00', '0.00', '0.00', '2017-08-17 11:40:39', '0000-00-00 00:00:00', 1),
(64, 7, 28, 6, 1, '2017-01-18', '2017-01-18', 1, '2017-01-18', 1, '0.70', '0.70', 1, 1, 0, '0.70', '21.00', '21.00', '0.00', '21.00', '2017-08-17 11:40:39', '0000-00-00 00:00:00', 1),
(65, 4, 28, 6, 259, '2017-01-18', '2017-01-31', 14, '0000-00-00', 0, '0.70', '2538.20', 0, 0, 0, '2538.20', '0.00', '0.00', '0.00', '0.00', '2017-08-17 13:10:07', '2017-08-17 14:08:55', 0),
(66, 4, 27, 7, 260, '2017-01-18', '2017-01-31', 14, '0000-00-00', 0, '0.70', '2548.00', 0, 0, 0, '2548.00', '0.00', '0.00', '0.00', '0.00', '2017-08-17 13:10:07', '2017-08-17 14:08:55', 0),
(67, 4, 31, 20, 35, '2017-01-18', '2017-01-31', 14, '0000-00-00', 0, '4.50', '2205.00', 0, 0, 0, '2205.00', '0.00', '0.00', '0.00', '0.00', '2017-08-17 13:10:07', '2017-08-17 14:08:55', 0),
(68, 4, 26, 24, 260, '2017-01-18', '2017-01-31', 14, '0000-00-00', 0, '1.50', '5460.00', 0, 0, 0, '5460.00', '0.00', '0.00', '0.00', '0.00', '2017-08-17 13:10:07', '2017-08-17 14:08:55', 0),
(69, 4, 30, 27, 200, '2017-01-18', '2017-01-31', 14, '0000-00-00', 0, '0.90', '2520.00', 0, 0, 0, '2520.00', '0.00', '0.00', '0.00', '0.00', '2017-08-17 13:10:07', '2017-08-17 14:08:55', 0),
(70, 4, 29, 28, 70, '2017-01-18', '2017-01-31', 14, '0000-00-00', 0, '0.80', '784.00', 0, 0, 0, '784.00', '0.00', '0.00', '0.00', '0.00', '2017-08-17 13:10:07', '2017-08-17 14:08:55', 0),
(71, 4, 33, 29, 90, '2017-01-25', '2017-01-31', 7, '0000-00-00', 0, '0.60', '378.00', 0, 0, 0, '378.00', '0.00', '0.00', '0.00', '0.00', '2017-08-17 13:10:07', '2017-08-17 14:08:55', 0),
(72, 4, 32, 35, 1300, '2017-01-23', '2017-01-31', 9, '0000-00-00', 0, '0.70', '8190.00', 0, 0, 0, '8190.00', '0.00', '0.00', '0.00', '0.00', '2017-08-17 13:10:07', '2017-08-17 14:08:55', 0),
(73, 4, 25, 35, 270, '2017-01-18', '2017-01-31', 14, '0000-00-00', 0, '0.70', '2646.00', 0, 0, 0, '2646.00', '0.00', '0.00', '0.00', '0.00', '2017-08-17 13:10:07', '2017-08-17 14:08:55', 0),
(74, 4, 28, 6, 1, '2017-01-18', '2017-01-18', 1, '2017-01-18', 1, '0.70', '21.00', 1, 1, 1, '0.70', '21.00', '21.00', '0.00', '21.00', '2017-08-17 13:10:07', '2017-08-17 14:08:55', 0),
(75, 4, 28, 6, 259, '2017-01-18', '2017-01-31', 14, '0000-00-00', 0, '0.70', '2538.20', 0, 0, 0, '2538.20', '0.00', '0.00', '0.00', '0.00', '2017-08-17 14:08:55', '0000-00-00 00:00:00', 1),
(76, 4, 27, 7, 260, '2017-01-18', '2017-01-31', 14, '0000-00-00', 0, '0.70', '2548.00', 0, 0, 0, '2548.00', '0.00', '0.00', '0.00', '0.00', '2017-08-17 14:08:55', '0000-00-00 00:00:00', 1),
(77, 4, 31, 20, 35, '2017-01-18', '2017-01-31', 14, '0000-00-00', 0, '4.50', '2205.00', 0, 0, 0, '2205.00', '0.00', '0.00', '0.00', '0.00', '2017-08-17 14:08:55', '0000-00-00 00:00:00', 1),
(78, 4, 26, 24, 260, '2017-01-18', '2017-01-31', 14, '0000-00-00', 0, '1.50', '5460.00', 0, 0, 0, '5460.00', '0.00', '0.00', '0.00', '0.00', '2017-08-17 14:08:55', '0000-00-00 00:00:00', 1),
(79, 4, 30, 27, 200, '2017-01-18', '2017-01-31', 14, '0000-00-00', 0, '0.90', '2520.00', 0, 0, 0, '2520.00', '0.00', '0.00', '0.00', '0.00', '2017-08-17 14:08:55', '0000-00-00 00:00:00', 1),
(80, 4, 29, 28, 70, '2017-01-18', '2017-01-31', 14, '0000-00-00', 0, '0.80', '784.00', 0, 0, 0, '784.00', '0.00', '0.00', '0.00', '0.00', '2017-08-17 14:08:55', '0000-00-00 00:00:00', 1),
(81, 4, 33, 29, 90, '2017-01-25', '2017-01-31', 7, '0000-00-00', 0, '0.60', '378.00', 0, 0, 0, '378.00', '0.00', '0.00', '0.00', '0.00', '2017-08-17 14:08:55', '0000-00-00 00:00:00', 1),
(82, 4, 32, 35, 1300, '2017-01-23', '2017-01-31', 9, '0000-00-00', 0, '0.70', '8190.00', 0, 0, 0, '8190.00', '0.00', '0.00', '0.00', '0.00', '2017-08-17 14:08:55', '0000-00-00 00:00:00', 1),
(83, 4, 25, 35, 270, '2017-01-18', '2017-01-31', 14, '0000-00-00', 0, '0.70', '2646.00', 0, 0, 0, '2646.00', '0.00', '0.00', '0.00', '0.00', '2017-08-17 14:08:55', '0000-00-00 00:00:00', 1),
(84, 4, 28, 6, 1, '2017-01-18', '2017-01-18', 1, '2017-01-18', 1, '0.70', '21.00', 1, 1, 1, '0.70', '21.00', '21.00', '0.00', '21.00', '2017-08-17 14:08:56', '0000-00-00 00:00:00', 1),
(85, 8, 15, 5, 300, '2016-12-08', '2016-12-31', 24, '0000-00-00', 0, '2.67', '19224.00', 0, 0, 0, '19224.00', '0.00', '0.00', '0.00', '0.00', '2017-08-18 15:54:19', '0000-00-00 00:00:00', 1),
(86, 9, 15, 5, 300, '2017-01-01', '2017-01-31', 31, '0000-00-00', 0, '2.67', '24831.00', 0, 0, 0, '24831.00', '0.00', '0.00', '0.00', '0.00', '2017-08-18 16:14:06', '0000-00-00 00:00:00', 1),
(87, 10, 52, 3, 20, '2017-08-19', '2017-08-31', 13, '0000-00-00', 0, '3.00', '780.00', 0, 0, 0, '780.00', '0.00', '0.00', '0.00', '0.00', '2017-08-20 19:18:14', '0000-00-00 00:00:00', 1),
(88, 10, 52, 3, 10, '2017-08-19', '2017-08-23', 5, '2017-08-19', 5, '3.00', '150.00', 1, 1, 0, '150.00', '900.00', '900.00', '0.00', '900.00', '2017-08-20 19:18:14', '0000-00-00 00:00:00', 1),
(89, 10, 52, 3, 20, '2017-08-19', '2017-08-19', 1, '2017-08-19', 1, '3.00', '60.00', 1, 1, 0, '60.00', '1800.00', '1800.00', '0.00', '1800.00', '2017-08-20 19:18:14', '0000-00-00 00:00:00', 1),
(90, 11, 13, 5, 10, '2017-08-01', '2017-08-19', 19, '2016-12-08', 255, '2.67', '507.30', 1, 0, 0, '507.30', '0.00', '0.00', '0.00', '0.00', '2017-08-26 09:02:12', '0000-00-00 00:00:00', 1),
(91, 12, 13, 5, 10, '2017-08-01', '2017-08-19', 19, '2016-12-08', 255, '2.67', '507.30', 1, 0, 0, '507.30', '0.00', '0.00', '0.00', '0.00', '2017-08-26 09:03:05', '0000-00-00 00:00:00', 1),
(92, 13, 54, 4, 1, '2017-08-27', '2017-08-31', 5, '2017-08-27', 5, '2.00', '10.00', 1, 1, 0, '10.00', '60.00', '60.00', '0.00', '60.00', '2017-08-27 19:37:31', '0000-00-00 00:00:00', 1),
(93, 13, 54, 4, 9, '2017-08-27', '2017-08-27', 1, '2017-08-27', 1, '2.00', '18.00', 1, 1, 0, '18.00', '540.00', '540.00', '0.00', '540.00', '2017-08-27 19:37:31', '0000-00-00 00:00:00', 1),
(94, 13, 56, 5, 1, '2017-08-30', '2017-08-31', 2, '2017-08-30', 2, '3.00', '6.00', 1, 1, 0, '6.00', '90.00', '90.00', '0.00', '90.00', '2017-08-27 19:37:31', '0000-00-00 00:00:00', 1),
(95, 13, 55, 14, 1, '2017-08-27', '2017-08-31', 5, '2017-08-27', 5, '1.80', '9.00', 1, 1, 0, '9.00', '54.00', '54.00', '0.00', '54.00', '2017-08-27 19:37:31', '0000-00-00 00:00:00', 1),
(96, 13, 55, 14, 99, '2017-08-27', '2017-08-27', 1, '2017-08-27', 1, '1.80', '178.20', 1, 1, 0, '178.20', '5346.00', '5346.00', '0.00', '5346.00', '2017-08-27 19:37:31', '0000-00-00 00:00:00', 1),
(97, 14, 44, 4, 30, '2017-02-25', '2017-02-28', 4, '0000-00-00', 0, '2.00', '240.00', 0, 0, 0, '240.00', '0.00', '0.00', '0.00', '0.00', '2017-08-27 19:38:44', '0000-00-00 00:00:00', 1),
(98, 14, 45, 5, 30, '2017-02-25', '2017-02-28', 4, '0000-00-00', 0, '3.00', '360.00', 0, 0, 0, '360.00', '0.00', '0.00', '0.00', '0.00', '2017-08-27 19:38:44', '0000-00-00 00:00:00', 1),
(99, 14, 49, 6, 40, '2017-02-25', '2017-02-28', 4, '0000-00-00', 0, '0.70', '112.00', 0, 0, 0, '112.00', '0.00', '0.00', '0.00', '0.00', '2017-08-27 19:38:44', '0000-00-00 00:00:00', 1),
(100, 14, 41, 6, 100, '2017-02-18', '2017-02-28', 11, '0000-00-00', 0, '0.70', '770.00', 0, 0, 0, '770.00', '0.00', '0.00', '0.00', '0.00', '2017-08-27 19:38:45', '0000-00-00 00:00:00', 1),
(101, 14, 36, 6, 60, '2017-02-13', '2017-02-28', 16, '0000-00-00', 0, '0.70', '672.00', 0, 0, 0, '672.00', '0.00', '0.00', '0.00', '0.00', '2017-08-27 19:38:45', '0000-00-00 00:00:00', 1),
(102, 14, 28, 6, 259, '2017-02-01', '2017-02-28', 28, '0000-00-00', 0, '0.70', '5076.40', 0, 0, 0, '5076.40', '0.00', '0.00', '0.00', '0.00', '2017-08-27 19:38:45', '0000-00-00 00:00:00', 1),
(103, 14, 48, 7, 40, '2017-02-25', '2017-02-28', 4, '0000-00-00', 0, '0.70', '112.00', 0, 0, 0, '112.00', '0.00', '0.00', '0.00', '0.00', '2017-08-27 19:38:45', '0000-00-00 00:00:00', 1),
(104, 14, 40, 7, 100, '2017-02-18', '2017-02-28', 11, '0000-00-00', 0, '0.70', '770.00', 0, 0, 0, '770.00', '0.00', '0.00', '0.00', '0.00', '2017-08-27 19:38:45', '0000-00-00 00:00:00', 1),
(105, 14, 27, 7, 260, '2017-02-01', '2017-02-28', 28, '0000-00-00', 0, '0.70', '5096.00', 0, 0, 0, '5096.00', '0.00', '0.00', '0.00', '0.00', '2017-08-27 19:38:45', '0000-00-00 00:00:00', 1),
(106, 14, 47, 14, 50, '2017-02-25', '2017-02-28', 4, '0000-00-00', 0, '1.80', '360.00', 0, 0, 0, '360.00', '0.00', '0.00', '0.00', '0.00', '2017-08-27 19:38:45', '0000-00-00 00:00:00', 1),
(107, 14, 38, 18, 500, '2017-02-13', '2017-02-28', 16, '0000-00-00', 0, '0.30', '2400.00', 0, 0, 0, '2400.00', '0.00', '0.00', '0.00', '0.00', '2017-08-27 19:38:45', '0000-00-00 00:00:00', 1),
(108, 14, 34, 19, 12, '2017-02-13', '2017-02-28', 16, '0000-00-00', 0, '2.50', '480.00', 0, 0, 0, '480.00', '0.00', '0.00', '0.00', '0.00', '2017-08-27 19:38:45', '0000-00-00 00:00:00', 1),
(109, 14, 31, 20, 35, '2017-02-01', '2017-02-28', 28, '0000-00-00', 0, '4.50', '4410.00', 0, 0, 0, '4410.00', '0.00', '0.00', '0.00', '0.00', '2017-08-27 19:38:45', '0000-00-00 00:00:00', 1),
(110, 14, 26, 24, 260, '2017-02-01', '2017-02-28', 28, '0000-00-00', 0, '1.50', '10920.00', 0, 0, 0, '10920.00', '0.00', '0.00', '0.00', '0.00', '2017-08-27 19:38:45', '0000-00-00 00:00:00', 1),
(111, 14, 50, 27, 60, '2017-02-25', '2017-02-28', 4, '0000-00-00', 0, '0.90', '216.00', 0, 0, 0, '216.00', '0.00', '0.00', '0.00', '0.00', '2017-08-27 19:38:45', '0000-00-00 00:00:00', 1),
(112, 14, 30, 27, 200, '2017-02-01', '2017-02-28', 28, '0000-00-00', 0, '0.90', '5040.00', 0, 0, 0, '5040.00', '0.00', '0.00', '0.00', '0.00', '2017-08-27 19:38:45', '0000-00-00 00:00:00', 1),
(113, 14, 42, 28, 50, '2017-02-18', '2017-02-28', 11, '0000-00-00', 0, '0.80', '440.00', 0, 0, 0, '440.00', '0.00', '0.00', '0.00', '0.00', '2017-08-27 19:38:45', '0000-00-00 00:00:00', 1),
(114, 14, 39, 28, 50, '2017-02-13', '2017-02-28', 16, '0000-00-00', 0, '0.80', '640.00', 0, 0, 0, '640.00', '0.00', '0.00', '0.00', '0.00', '2017-08-27 19:38:45', '0000-00-00 00:00:00', 1),
(115, 14, 29, 28, 70, '2017-02-01', '2017-02-28', 28, '0000-00-00', 0, '0.80', '1568.00', 0, 0, 0, '1568.00', '0.00', '0.00', '0.00', '0.00', '2017-08-27 19:38:45', '0000-00-00 00:00:00', 1),
(116, 14, 37, 29, 50, '2017-02-13', '2017-02-28', 16, '0000-00-00', 0, '0.60', '480.00', 0, 0, 0, '480.00', '0.00', '0.00', '0.00', '0.00', '2017-08-27 19:38:45', '0000-00-00 00:00:00', 1),
(117, 14, 33, 29, 90, '2017-02-01', '2017-02-28', 28, '0000-00-00', 0, '0.60', '1512.00', 0, 0, 0, '1512.00', '0.00', '0.00', '0.00', '0.00', '2017-08-27 19:38:45', '0000-00-00 00:00:00', 1),
(118, 14, 46, 35, 40, '2017-02-25', '2017-02-28', 4, '0000-00-00', 0, '0.70', '112.00', 0, 0, 0, '112.00', '0.00', '0.00', '0.00', '0.00', '2017-08-27 19:38:45', '0000-00-00 00:00:00', 1),
(119, 14, 35, 35, 148, '2017-02-13', '2017-02-28', 16, '0000-00-00', 0, '0.70', '1657.60', 0, 0, 0, '1657.60', '0.00', '0.00', '0.00', '0.00', '2017-08-27 19:38:45', '0000-00-00 00:00:00', 1),
(120, 14, 32, 35, 1570, '2017-02-01', '2017-02-28', 28, '0000-00-00', 0, '0.70', '30772.00', 0, 0, 0, '30772.00', '0.00', '0.00', '0.00', '0.00', '2017-08-27 19:38:46', '0000-00-00 00:00:00', 1),
(121, 14, 43, 38, 60, '2017-02-25', '2017-02-28', 4, '0000-00-00', 0, '0.10', '24.00', 0, 0, 0, '24.00', '0.00', '0.00', '0.00', '0.00', '2017-08-27 19:38:46', '0000-00-00 00:00:00', 1);

-- --------------------------------------------------------

--
-- Table structure for table `wp_shc_loading`
--

CREATE TABLE `wp_shc_loading` (
  `id` int(11) NOT NULL,
  `deposit_id` int(11) NOT NULL,
  `loading_charge` decimal(15,2) NOT NULL,
  `master_id` int(11) NOT NULL,
  `deposit_date` datetime NOT NULL,
  `active` int(1) NOT NULL DEFAULT '1'
) ENGINE=InnoDB DEFAULT CHARSET=latin1;

--
-- Dumping data for table `wp_shc_loading`
--

INSERT INTO `wp_shc_loading` (`id`, `deposit_id`, `loading_charge`, `master_id`, `deposit_date`, `active`) VALUES
(1, 2, '985.00', 5, '2017-08-14 10:11:00', 1),
(2, 13, '126.00', 5, '2017-02-25 05:08:00', 1),
(3, 14, '0.00', 7, '2017-08-19 09:55:00', 1),
(4, 4, '350.00', 4, '2016-12-03 09:54:00', 1),
(5, 15, '0.00', 8, '2017-08-26 20:16:00', 1),
(6, 16, '0.00', 8, '2017-08-26 20:17:00', 1),
(7, 17, '0.00', 9, '2017-08-26 20:24:00', 1),
(8, 18, '0.00', 9, '2017-08-26 20:24:00', 1);

-- --------------------------------------------------------

--
-- Table structure for table `wp_shc_loading_detail`
--

CREATE TABLE `wp_shc_loading_detail` (
  `id` int(11) NOT NULL,
  `deposit_id` int(11) NOT NULL,
  `loading_id` int(11) NOT NULL,
  `charge_for` varchar(250) NOT NULL,
  `charge_amt` decimal(15,2) NOT NULL,
  `active` int(1) NOT NULL DEFAULT '1'
) ENGINE=InnoDB DEFAULT CHARSET=latin1;

--
-- Dumping data for table `wp_shc_loading_detail`
--

INSERT INTO `wp_shc_loading_detail` (`id`, `deposit_id`, `loading_id`, `charge_for`, `charge_amt`, `active`) VALUES
(1, 2, 1, '0', '543.00', 1),
(2, 2, 1, '0', '442.00', 1),
(3, 13, 2, 'loading', '126.00', 1),
(4, 13, 2, 'transportation', '0.00', 1),
(5, 14, 3, 'loading', '0.00', 1),
(6, 14, 3, 'transportation', '0.00', 1),
(7, 4, 4, 'loading', '200.00', 1),
(8, 4, 4, 'transportation', '150.00', 1),
(9, 15, 5, 'loading', '0.00', 1),
(10, 15, 5, 'transportation', '0.00', 1),
(11, 16, 6, 'loading', '0.00', 1),
(12, 16, 6, 'transportation', '0.00', 1),
(13, 17, 7, 'loading', '0.00', 1),
(14, 17, 7, 'transportation', '0.00', 1),
(15, 18, 8, 'loading', '0.00', 1),
(16, 18, 8, 'transportation', '0.00', 1);

-- --------------------------------------------------------

--
-- Table structure for table `wp_shc_lost`
--

CREATE TABLE `wp_shc_lost` (
  `id` int(11) NOT NULL,
  `master_id` int(11) NOT NULL,
  `return_id` int(11) NOT NULL,
  `lost_qty` int(11) NOT NULL,
  `lost_total` decimal(15,2) NOT NULL,
  `active` int(1) NOT NULL DEFAULT '1'
) ENGINE=InnoDB DEFAULT CHARSET=latin1;

--
-- Dumping data for table `wp_shc_lost`
--

INSERT INTO `wp_shc_lost` (`id`, `master_id`, `return_id`, `lost_qty`, `lost_total`, `active`) VALUES
(2, 5, 27, 6, '950.00', 1),
(3, 5, 28, 4, '760.00', 1),
(4, 5, 29, 20, '7000.00', 1),
(5, 9, 31, 108, '1710.00', 1);

-- --------------------------------------------------------

--
-- Table structure for table `wp_shc_lost_detail`
--

CREATE TABLE `wp_shc_lost_detail` (
  `id` bigint(20) NOT NULL,
  `master_id` bigint(11) NOT NULL,
  `lost_id` bigint(11) NOT NULL,
  `return_id` bigint(11) NOT NULL,
  `lot_id` bigint(11) NOT NULL,
  `lost_qty` int(11) NOT NULL,
  `lost_unit_price` int(11) NOT NULL,
  `lost_total` decimal(15,2) NOT NULL,
  `active` int(11) NOT NULL DEFAULT '1'
) ENGINE=InnoDB DEFAULT CHARSET=latin1;

--
-- Dumping data for table `wp_shc_lost_detail`
--

INSERT INTO `wp_shc_lost_detail` (`id`, `master_id`, `lost_id`, `return_id`, `lot_id`, `lost_qty`, `lost_unit_price`, `lost_total`, `active`) VALUES
(1, 5, 2, 27, 4, 5, 190, '950.00', 1),
(2, 5, 2, 27, 38, 1, 0, '0.00', 1),
(3, 5, 3, 28, 4, 4, 190, '760.00', 1),
(4, 5, 4, 29, 20, 20, 350, '7000.00', 1),
(5, 9, 5, 31, 4, 9, 190, '1710.00', 1),
(6, 9, 5, 31, 14, 99, 0, '0.00', 1);

-- --------------------------------------------------------

--
-- Table structure for table `wp_shc_lots`
--

CREATE TABLE `wp_shc_lots` (
  `id` int(11) NOT NULL,
  `lot_no` varchar(250) NOT NULL,
  `product_name` varchar(250) NOT NULL,
  `product_type` varchar(250) NOT NULL,
  `unit_price` decimal(9,2) NOT NULL,
  `tax1` decimal(9,2) NOT NULL,
  `buying_price` decimal(15,2) NOT NULL,
  `weight` decimal(15,2) NOT NULL,
  `stock_in` int(11) NOT NULL DEFAULT '0',
  `sale_out` int(11) NOT NULL DEFAULT '0',
  `created_at` datetime NOT NULL DEFAULT CURRENT_TIMESTAMP,
  `modified_at` datetime NOT NULL DEFAULT '0000-00-00 00:00:00' ON UPDATE CURRENT_TIMESTAMP,
  `active` int(2) NOT NULL DEFAULT '1'
) ENGINE=InnoDB DEFAULT CHARSET=latin1;

--
-- Dumping data for table `wp_shc_lots`
--

INSERT INTO `wp_shc_lots` (`id`, `lot_no`, `product_name`, `product_type`, `unit_price`, `tax1`, `buying_price`, `weight`, `stock_in`, `sale_out`, `created_at`, `modified_at`, `active`) VALUES
(1, 'CS1', 'Centring Sheet', '900 x 600mm', '1.10', '0.00', '0.00', '0.00', 0, 0, '2017-07-17 06:36:36', '2017-08-09 14:12:48', 1),
(2, 'ADC1', 'Adj Centring Sheet', '900 x 400 mm', '0.80', '0.00', '0.00', '0.00', 0, 0, '2017-07-17 10:21:02', '2017-08-09 14:16:37', 1),
(3, 'SPAN(N)', 'Tele Span', '2.50x4.15m', '3.00', '0.00', '250.00', '10.00', 0, 0, '2017-07-17 10:22:18', '2017-08-25 14:39:11', 1),
(4, 'P12', 'Tele Props ', '2.00x3.70m', '2.00', '0.00', '190.00', '5.00', 0, 0, '2017-07-17 10:23:02', '2017-08-25 19:51:11', 1),
(5, 'P18', 'Tele Props', '3.15 x 5.70m', '3.00', '0.00', '0.00', '0.00', 0, 0, '2017-08-09 12:02:34', '2017-08-10 10:45:24', 1),
(6, 'STHD STD', 'Stirrup Head', 'Standard', '0.70', '0.00', '0.00', '0.00', 0, 0, '2017-08-09 12:49:29', '2017-08-09 14:17:25', 1),
(7, 'BJKSTD', 'Base Jack ', 'Standard', '0.70', '0.00', '0.00', '0.00', 0, 0, '2017-08-09 12:51:07', '2017-08-09 14:30:56', 1),
(8, 'CS2', 'Centring Sheet', '1150 x 600 mm', '1.40', '0.00', '0.00', '0.00', 0, 0, '2017-08-09 14:13:42', '2017-08-09 14:15:38', 1),
(9, 'ADC1', 'Adj Centring Sheet', '1150 x 400 mm', '0.90', '0.00', '0.00', '0.00', 0, 0, '2017-08-09 14:15:17', '0000-00-00 00:00:00', 1),
(10, 'TELS1', 'Tellescopic Span', '2.40 x 4.15 m', '3.00', '0.00', '0.00', '0.00', 0, 0, '2017-08-09 14:19:20', '2017-08-09 14:21:48', 1),
(11, 'TELS2', 'Tellescopic Span', '3.00 x 4.80 m', '3.50', '0.00', '0.00', '0.00', 0, 0, '2017-08-09 14:20:31', '0000-00-00 00:00:00', 1),
(12, 'PROPEX', 'Prop Extension', '1m', '1.00', '0.00', '0.00', '0.00', 0, 0, '2017-08-09 14:28:09', '0000-00-00 00:00:00', 1),
(13, 'LP10', 'Ledger Pipes', '3m', '1.00', '0.00', '0.00', '0.00', 0, 0, '2017-08-09 14:29:31', '2017-08-10 10:45:05', 1),
(14, 'LP20', 'Ledger Pipes', '6m', '1.80', '0.00', '0.00', '0.00', 0, 0, '2017-08-09 14:30:03', '2017-08-10 10:44:50', 1),
(15, 'BPLSTD', 'Baseplate', '0.150 x 0.150 m', '0.25', '0.00', '0.00', '0.00', 0, 0, '2017-08-09 14:31:23', '0000-00-00 00:00:00', 1),
(16, 'EJP', 'Expanding Joint Pin', 'Standard', '0.25', '0.00', '0.00', '0.00', 0, 0, '2017-08-09 14:32:08', '0000-00-00 00:00:00', 1),
(17, 'FC', 'Coupler Fixed', 'Standard', '0.30', '0.00', '0.00', '0.00', 0, 0, '2017-08-09 14:32:55', '2017-08-10 11:03:50', 1),
(18, 'SC', 'Coupler Swivel', 'Standard', '0.30', '0.00', '0.00', '0.00', 0, 0, '2017-08-09 14:33:50', '2017-08-10 11:03:33', 1),
(19, 'CC10', 'C.Channel', '3m', '2.50', '0.00', '0.00', '0.00', 0, 0, '2017-08-09 14:36:19', '0000-00-00 00:00:00', 1),
(20, 'CC20', 'C.Channel', '6m', '4.50', '0.00', '350.00', '10.00', 0, 0, '2017-08-09 14:36:48', '2017-08-25 22:49:47', 1),
(21, 'TIER1', 'Tie Rod', '1.2m', '0.30', '0.00', '0.00', '0.00', 0, 0, '2017-08-09 14:38:02', '0000-00-00 00:00:00', 1),
(22, 'WALT', 'Waller Plate for Tirod', 'Standard', '0.20', '0.00', '0.00', '0.00', 0, 0, '2017-08-09 14:38:56', '0000-00-00 00:00:00', 1),
(23, 'WNUT', 'Wing Nut', 'Standard', '0.20', '0.00', '0.00', '0.00', 0, 0, '2017-08-09 14:43:49', '0000-00-00 00:00:00', 1),
(24, 'CLV10', 'Cuplock Vertical', '3m', '1.50', '0.00', '0.00', '0.00', 0, 0, '2017-08-09 14:44:46', '0000-00-00 00:00:00', 1),
(25, 'CLV8', 'Cuplock Vertical', '2.5m', '1.20', '0.00', '0.00', '0.00', 0, 0, '2017-08-09 14:49:40', '0000-00-00 00:00:00', 1),
(26, 'CLV6.5', 'Cuplock Vertical', '2m', '1.00', '0.00', '0.00', '0.00', 0, 0, '2017-08-09 14:51:14', '0000-00-00 00:00:00', 1),
(27, 'CLV5', 'Cuplock Vertical', '1.5m', '0.90', '0.00', '0.00', '0.00', 0, 0, '2017-08-09 14:51:51', '0000-00-00 00:00:00', 1),
(28, 'CLV3', 'Cuplock Vertical', '1m', '0.80', '0.00', '0.00', '0.00', 0, 0, '2017-08-09 14:52:26', '2017-08-09 14:52:37', 1),
(29, 'CLV1.5', 'Cuplock Vertical', '0.50m', '0.60', '0.00', '0.00', '0.00', 0, 0, '2017-08-09 14:53:19', '2017-08-09 14:53:34', 1),
(30, 'CLH10', 'Cuplock Horizontal', '3m', '1.10', '0.00', '0.00', '0.00', 0, 0, '2017-08-09 14:54:17', '0000-00-00 00:00:00', 1),
(31, 'CLH6.5', 'Cuplock Horizontal', '2m', '1.00', '0.00', '0.00', '0.00', 0, 0, '2017-08-09 14:54:51', '0000-00-00 00:00:00', 1),
(32, 'CLH6', 'Cuplock Horizontal', '1.8m', '1.00', '0.00', '0.00', '0.00', 0, 0, '2017-08-09 14:55:21', '0000-00-00 00:00:00', 1),
(33, 'CLH4', 'Cuplock Horizontal', '1.2m', '0.70', '0.00', '0.00', '0.00', 0, 0, '2017-08-09 14:55:53', '0000-00-00 00:00:00', 1),
(34, 'CLH3', 'Cuplock Horizontal', '1m', '0.70', '0.00', '0.00', '0.00', 0, 0, '2017-08-09 14:56:18', '0000-00-00 00:00:00', 1),
(35, 'CLH2.5', 'Cuplock Horizontal', '0.75m', '0.70', '0.00', '0.00', '0.00', 0, 0, '2017-08-09 14:56:43', '0000-00-00 00:00:00', 1),
(36, 'JPIN', 'Joint Pin (SPIGOT)', '0.30m', '0.20', '0.00', '0.00', '0.00', 0, 0, '2017-08-09 14:57:57', '0000-00-00 00:00:00', 1),
(37, 'WFS', 'Wall Form Sheet', '1200 x 500mm', '2.00', '0.00', '200.00', '1.00', 0, 0, '2017-08-09 14:58:38', '2017-08-20 19:58:30', 1),
(38, 'PP', 'Props Pin', 'Standard', '0.10', '0.00', '0.00', '0.00', 0, 0, '2017-08-10 10:49:26', '0000-00-00 00:00:00', 1);

-- --------------------------------------------------------

--
-- Table structure for table `wp_shc_master`
--

CREATE TABLE `wp_shc_master` (
  `id` int(11) NOT NULL,
  `customer_id` int(11) NOT NULL,
  `site_id` int(11) NOT NULL,
  `master_date` datetime NOT NULL,
  `created_at` datetime NOT NULL DEFAULT CURRENT_TIMESTAMP,
  `modified_at` datetime NOT NULL DEFAULT '0000-00-00 00:00:00' ON UPDATE CURRENT_TIMESTAMP,
  `active` int(1) NOT NULL DEFAULT '1'
) ENGINE=InnoDB DEFAULT CHARSET=latin1;

--
-- Dumping data for table `wp_shc_master`
--

INSERT INTO `wp_shc_master` (`id`, `customer_id`, `site_id`, `master_date`, `created_at`, `modified_at`, `active`) VALUES
(1, 1, 1, '2017-07-17 06:36:00', '2017-07-17 06:37:28', '0000-00-00 00:00:00', 1),
(2, 2, 2, '2017-07-17 10:33:00', '2017-07-17 10:33:26', '0000-00-00 00:00:00', 1),
(3, 3, 3, '2017-08-09 07:13:00', '2017-08-09 12:44:01', '0000-00-00 00:00:00', 1),
(4, 5, 4, '2016-12-08 09:50:00', '2017-08-09 15:22:09', '0000-00-00 00:00:00', 1),
(5, 4, 5, '2017-08-09 10:07:00', '2017-08-09 15:37:35', '0000-00-00 00:00:00', 1),
(6, 6, 6, '2017-04-03 10:39:00', '2017-08-09 16:10:33', '0000-00-00 00:00:00', 1),
(7, 5, 4, '2017-08-19 09:54:00', '2017-08-19 15:25:04', '0000-00-00 00:00:00', 1),
(8, 7, 7, '2017-08-20 17:45:00', '2017-08-20 23:16:01', '0000-00-00 00:00:00', 1),
(9, 8, 8, '2017-08-26 19:14:00', '2017-08-27 00:44:49', '0000-00-00 00:00:00', 1);

-- --------------------------------------------------------

--
-- Table structure for table `wp_shc_obc_cheque`
--

CREATE TABLE `wp_shc_obc_cheque` (
  `id` int(11) NOT NULL,
  `master_id` int(11) NOT NULL,
  `cheque_no` varchar(255) NOT NULL,
  `cheque_date` date NOT NULL,
  `cheque_amount` decimal(15,2) NOT NULL,
  `notes` text NOT NULL,
  `obc_date` datetime NOT NULL,
  `created_at` datetime NOT NULL DEFAULT CURRENT_TIMESTAMP,
  `modified_at` datetime NOT NULL DEFAULT '0000-00-00 00:00:00' ON UPDATE CURRENT_TIMESTAMP,
  `active` int(11) NOT NULL DEFAULT '1'
) ENGINE=InnoDB DEFAULT CHARSET=latin1;

--
-- Dumping data for table `wp_shc_obc_cheque`
--

INSERT INTO `wp_shc_obc_cheque` (`id`, `master_id`, `cheque_no`, `cheque_date`, `cheque_amount`, `notes`, `obc_date`, `created_at`, `modified_at`, `active`) VALUES
(1, 5, '4543543', '2017-08-22', '20000.50', 'seegan', '2017-08-15 00:00:00', '2017-08-15 10:13:12', '2017-08-15 14:06:13', 1),
(2, 4, 'hgjgh', '2017-08-16', '45000.00', 'hgfhfgh', '2017-08-15 00:00:00', '2017-08-15 14:28:50', '0000-00-00 00:00:00', 1);

-- --------------------------------------------------------

--
-- Table structure for table `wp_shc_return`
--

CREATE TABLE `wp_shc_return` (
  `id` int(11) NOT NULL,
  `bill_from_comp` int(2) NOT NULL,
  `bill_no` bigint(11) NOT NULL,
  `master_id` int(11) NOT NULL,
  `return_date` date NOT NULL,
  `created_at` datetime NOT NULL DEFAULT CURRENT_TIMESTAMP,
  `is_return` int(2) NOT NULL,
  `vehicle_number` varchar(255) NOT NULL,
  `driver_name` varchar(255) NOT NULL,
  `driver_mobile` varchar(255) NOT NULL,
  `active` int(1) NOT NULL DEFAULT '1'
) ENGINE=InnoDB DEFAULT CHARSET=latin1;

--
-- Dumping data for table `wp_shc_return`
--

INSERT INTO `wp_shc_return` (`id`, `bill_from_comp`, `bill_no`, `master_id`, `return_date`, `created_at`, `is_return`, `vehicle_number`, `driver_name`, `driver_mobile`, `active`) VALUES
(1, 0, 0, 2, '2016-11-05', '2017-07-17 11:36:26', 1, '', '', '', 1),
(2, 0, 0, 2, '2016-11-07', '2017-07-17 11:38:06', 1, '', '', '', 1),
(3, 0, 0, 2, '2016-11-08', '2017-07-17 11:39:12', 1, '', '', '', 1),
(4, 0, 0, 2, '2016-10-18', '2017-07-27 14:17:03', 1, '', '', '', 1),
(5, 0, 0, 2, '2016-09-15', '2017-07-27 14:20:56', 1, '', '', '', 1),
(6, 0, 0, 2, '2016-09-15', '2017-07-27 14:32:43', 1, '', '', '', 1),
(7, 0, 0, 2, '2016-09-10', '2017-07-29 17:06:31', 1, '', '', '', 1),
(8, 0, 0, 3, '2017-06-24', '2017-08-09 13:26:37', 1, '', '', '', 1),
(9, 0, 0, 4, '2017-03-06', '2017-08-09 15:44:09', 1, '', '', '', 1),
(10, 0, 0, 4, '2017-03-23', '2017-08-09 15:44:59', 1, '', '', '', 1),
(11, 0, 0, 4, '2017-04-07', '2017-08-09 15:45:50', 1, '', '', '', 1),
(12, 0, 0, 4, '2017-05-02', '2017-08-09 15:46:57', 1, '', '', '', 1),
(13, 0, 0, 4, '2017-06-13', '2017-08-09 15:47:28', 1, '', '', '', 1),
(14, 0, 0, 4, '2017-06-30', '2017-08-09 15:47:53', 1, '', '', '', 1),
(15, 0, 0, 6, '2017-05-16', '2017-08-09 17:50:08', 1, '', '', '', 1),
(16, 0, 0, 5, '2017-01-18', '2017-08-14 11:59:32', 1, '', '', '', 1),
(17, 0, 0, 5, '2017-08-19', '2017-08-19 14:47:06', 1, 'TN 75 4532', 'Rajesh R', '8122492884', 1),
(18, 0, 0, 5, '2017-08-19', '2017-08-19 15:20:07', 1, '', '', '', 1),
(19, 0, 0, 4, '2017-08-19', '2017-08-19 15:21:57', 1, '', '', '', 1),
(20, 0, 0, 7, '2017-08-23', '2017-08-19 15:27:02', 1, '', '', '', 1),
(21, 0, 0, 7, '2017-08-19', '2017-08-19 15:27:37', 0, '', '', '', 1),
(22, 0, 0, 7, '2017-08-19', '2017-08-19 15:27:58', 1, '', '', '', 1),
(23, 0, 0, 5, '2017-08-19', '2017-08-19 15:34:46', 1, 'dfdgdsgfdg', 'fdgfdg', '435345', 1),
(24, 0, 0, 7, '2017-08-20', '2017-08-20 19:24:38', 0, '', '', '', 1),
(25, 0, 0, 5, '2017-08-25', '2017-08-25 19:50:01', 0, '', '', '', 1),
(26, 0, 0, 5, '2017-08-25', '2017-08-25 19:51:23', 0, '', '', '', 1),
(27, 0, 0, 5, '2017-08-25', '2017-08-25 20:39:11', 0, '', '', '', 1),
(28, 0, 0, 5, '2017-08-25', '2017-08-25 22:48:47', 0, '', '', '', 1),
(29, 0, 0, 5, '2017-08-25', '2017-08-25 22:50:09', 0, '', '', '', 1),
(30, 3, 1, 9, '2017-08-31', '2017-08-27 15:44:25', 1, '', '', '', 1),
(31, 0, 0, 9, '2017-08-27', '2017-08-27 15:45:36', 0, '', '', '', 1);

-- --------------------------------------------------------

--
-- Table structure for table `wp_shc_return_detail`
--

CREATE TABLE `wp_shc_return_detail` (
  `id` int(11) NOT NULL,
  `return_id` int(11) NOT NULL,
  `master_id` int(11) NOT NULL,
  `delivery_detail_id` int(11) NOT NULL,
  `lot_id` int(11) NOT NULL,
  `qty` int(11) NOT NULL,
  `return_date` date NOT NULL,
  `active` int(1) NOT NULL DEFAULT '1'
) ENGINE=InnoDB DEFAULT CHARSET=latin1;

--
-- Dumping data for table `wp_shc_return_detail`
--

INSERT INTO `wp_shc_return_detail` (`id`, `return_id`, `master_id`, `delivery_detail_id`, `lot_id`, `qty`, `return_date`, `active`) VALUES
(1, 1, 2, 3, 3, 40, '2016-11-05', 1),
(2, 1, 2, 2, 4, 70, '2016-11-05', 1),
(3, 2, 2, 6, 1, 90, '2016-11-07', 1),
(4, 2, 2, 4, 1, 300, '2016-11-07', 1),
(5, 2, 2, 5, 3, 22, '2016-11-07', 1),
(6, 2, 2, 2, 4, 51, '2016-11-07', 1),
(7, 3, 2, 7, 2, 75, '2016-11-08', 1),
(8, 3, 2, 8, 4, 30, '2016-11-08', 1),
(9, 3, 2, 2, 4, 179, '2016-11-08', 1),
(10, 5, 2, 5, 3, 4, '2016-10-27', 0),
(11, 6, 2, 5, 3, 4, '2016-09-15', 0),
(12, 7, 2, 5, 3, 4, '2016-09-10', 0),
(13, 8, 3, 10, 3, 60, '2017-06-24', 1),
(14, 8, 3, 11, 6, 389, '2017-06-24', 1),
(15, 8, 3, 12, 7, 519, '2017-06-24', 1),
(16, 9, 4, 14, 5, 100, '2017-03-06', 1),
(17, 9, 4, 15, 5, 50, '2017-03-06', 1),
(18, 10, 4, 13, 5, 115, '2017-03-23', 1),
(19, 10, 4, 14, 5, 35, '2017-03-23', 1),
(20, 11, 4, 17, 5, 120, '2017-04-07', 1),
(21, 12, 4, 16, 5, 113, '2017-05-02', 1),
(22, 12, 4, 17, 5, 30, '2017-05-02', 1),
(23, 13, 4, 16, 5, 36, '2017-06-13', 1),
(24, 14, 4, 16, 5, 1, '2017-06-30', 1),
(25, 15, 6, 20, 14, 150, '2017-05-16', 1),
(26, 15, 6, 23, 16, 50, '2017-05-16', 1),
(27, 15, 6, 24, 18, 300, '2017-05-16', 1),
(28, 15, 6, 21, 18, 300, '2017-05-16', 1),
(29, 15, 6, 19, 24, 60, '2017-05-16', 1),
(30, 15, 6, 22, 31, 150, '2017-05-16', 1),
(31, 15, 6, 18, 33, 100, '2017-05-16', 1),
(32, 16, 5, 28, 6, 1, '2017-01-18', 1),
(33, 17, 5, 31, 20, 1, '2017-08-19', 1),
(34, 18, 5, 31, 20, 1, '2017-08-19', 1),
(35, 19, 4, 13, 5, 10, '2017-08-19', 1),
(36, 20, 7, 52, 3, 10, '2017-08-23', 1),
(37, 21, 7, 52, 3, 10, '2017-08-19', 1),
(38, 22, 7, 52, 3, 10, '2017-08-19', 1),
(39, 23, 5, 28, 6, 259, '2017-08-19', 1),
(40, 23, 5, 36, 6, 1, '2017-08-19', 1),
(41, 24, 7, 52, 3, 20, '2017-08-20', 1),
(42, 25, 5, 53, 3, 1, '2017-08-25', 1),
(43, 26, 5, 44, 4, 5, '2017-08-25', 1),
(44, 27, 5, 44, 4, 5, '2017-08-25', 1),
(45, 27, 5, 43, 38, 1, '2017-08-25', 1),
(46, 28, 5, 44, 4, 4, '2017-08-25', 1),
(47, 29, 5, 31, 20, 20, '2017-08-25', 1),
(48, 30, 9, 54, 4, 1, '2017-08-31', 1),
(49, 30, 9, 56, 5, 1, '2017-08-31', 1),
(50, 30, 9, 55, 14, 1, '2017-08-31', 1),
(51, 31, 9, 54, 4, 9, '2017-08-27', 1),
(52, 31, 9, 55, 14, 99, '2017-08-27', 1);

-- --------------------------------------------------------

--
-- Table structure for table `wp_shc_special_price`
--

CREATE TABLE `wp_shc_special_price` (
  `id` int(11) NOT NULL,
  `customer_id` int(11) NOT NULL,
  `site_id` int(11) NOT NULL,
  `lot_id` int(11) NOT NULL,
  `price` decimal(15,2) NOT NULL,
  `created_at` datetime NOT NULL DEFAULT CURRENT_TIMESTAMP,
  `modified_at` datetime NOT NULL DEFAULT '0000-00-00 00:00:00' ON UPDATE CURRENT_TIMESTAMP,
  `active` int(1) NOT NULL DEFAULT '1'
) ENGINE=InnoDB DEFAULT CHARSET=latin1;

--
-- Dumping data for table `wp_shc_special_price`
--

INSERT INTO `wp_shc_special_price` (`id`, `customer_id`, `site_id`, `lot_id`, `price`, `created_at`, `modified_at`, `active`) VALUES
(1, 2, 2, 1, '1.00', '2017-07-17 10:32:49', '0000-00-00 00:00:00', 1),
(2, 2, 2, 3, '2.80', '2017-07-17 10:32:49', '0000-00-00 00:00:00', 1),
(3, 2, 2, 4, '1.90', '2017-07-17 10:32:49', '0000-00-00 00:00:00', 1),
(4, 5, 0, 5, '2.67', '2017-08-09 15:18:10', '2017-08-26 08:48:27', 1),
(5, 6, 0, 0, '0.00', '2017-08-20 22:53:03', '2017-08-20 22:57:10', 0),
(6, 6, 0, 0, '0.00', '2017-08-20 22:57:10', '0000-00-00 00:00:00', 1),
(7, 7, 7, 3, '2.80', '2017-08-20 23:15:38', '0000-00-00 00:00:00', 1),
(8, 4, 0, 0, '0.00', '2017-08-21 06:30:42', '0000-00-00 00:00:00', 1);

-- --------------------------------------------------------

--
-- Table structure for table `wp_shc_stock`
--

CREATE TABLE `wp_shc_stock` (
  `id` int(11) NOT NULL,
  `lot_number` varchar(250) NOT NULL,
  `stock_count` int(11) NOT NULL,
  `buying_total` decimal(9,2) NOT NULL,
  `created_at` datetime NOT NULL DEFAULT CURRENT_TIMESTAMP,
  `modified_at` datetime NOT NULL DEFAULT '0000-00-00 00:00:00' ON UPDATE CURRENT_TIMESTAMP,
  `active` int(2) NOT NULL DEFAULT '1'
) ENGINE=InnoDB DEFAULT CHARSET=latin1;

--
-- Dumping data for table `wp_shc_stock`
--

INSERT INTO `wp_shc_stock` (`id`, `lot_number`, `stock_count`, `buying_total`, `created_at`, `modified_at`, `active`) VALUES
(1, '1', 500, '0.00', '2017-07-17 10:24:10', '0000-00-00 00:00:00', 1),
(2, '2', 100, '0.00', '2017-07-17 10:24:27', '0000-00-00 00:00:00', 1),
(3, '3', 100, '0.00', '2017-07-17 10:24:46', '0000-00-00 00:00:00', 1),
(4, '4', 500, '0.00', '2017-07-17 10:25:06', '0000-00-00 00:00:00', 1),
(5, '5', 100, '2300.00', '2017-08-09 12:04:27', '0000-00-00 00:00:00', 1),
(6, '7', 800, '400.00', '2017-08-09 12:52:27', '0000-00-00 00:00:00', 1);

-- --------------------------------------------------------

--
-- Table structure for table `wp_shc_unloading`
--

CREATE TABLE `wp_shc_unloading` (
  `id` int(11) NOT NULL,
  `return_id` int(11) NOT NULL,
  `unloading_charge` decimal(15,2) NOT NULL,
  `master_id` int(11) NOT NULL,
  `return_date` datetime NOT NULL,
  `active` int(1) NOT NULL DEFAULT '1'
) ENGINE=InnoDB DEFAULT CHARSET=latin1;

--
-- Dumping data for table `wp_shc_unloading`
--

INSERT INTO `wp_shc_unloading` (`id`, `return_id`, `unloading_charge`, `master_id`, `return_date`, `active`) VALUES
(1, 1, '100.00', 2, '2016-11-05 00:00:00', 1),
(2, 2, '0.00', 2, '2016-11-07 11:36:00', 1),
(3, 3, '50.00', 2, '2016-11-08 00:00:00', 1),
(4, 4, '0.00', 2, '2016-10-18 00:00:00', 1),
(5, 5, '0.00', 2, '2016-09-15 00:00:00', 1),
(6, 6, '0.00', 2, '2016-09-15 00:00:00', 1),
(7, 7, '0.00', 2, '2016-09-10 00:00:00', 1),
(8, 8, '500.00', 3, '2017-06-24 07:55:00', 1),
(9, 9, '0.00', 4, '2017-03-06 10:11:00', 1),
(10, 10, '0.00', 4, '2017-03-23 10:14:00', 1),
(11, 11, '0.00', 4, '2017-04-07 10:15:00', 1),
(12, 12, '0.00', 4, '2017-05-02 10:15:00', 1),
(13, 13, '0.00', 4, '2017-06-13 10:17:00', 1),
(14, 14, '100.00', 4, '2017-06-30 00:00:00', 1),
(15, 15, '0.00', 6, '2017-05-16 12:17:00', 1),
(16, 16, '1800.00', 5, '2017-01-18 00:00:00', 1),
(17, 17, '1500.00', 5, '2017-03-20 07:05:00', 1),
(18, 18, '5500.00', 5, '2017-03-23 07:09:00', 1),
(19, 19, '1350.00', 5, '2017-03-27 07:15:00', 1),
(20, 16, '1800.00', 5, '2017-01-18 00:00:00', 1),
(21, 17, '0.00', 5, '2017-08-19 09:04:00', 1),
(22, 18, '0.00', 5, '2017-08-19 09:49:00', 1),
(23, 19, '0.00', 4, '2017-08-19 09:51:00', 1),
(24, 20, '0.00', 7, '2017-08-23 09:56:00', 1),
(25, 21, '0.00', 7, '2017-08-19 09:57:00', 1),
(26, 22, '0.00', 7, '2017-08-19 09:57:00', 1),
(27, 23, '0.00', 5, '2017-08-19 10:02:00', 1),
(28, 24, '0.00', 7, '2017-08-20 13:54:00', 1),
(29, 25, '0.00', 5, '2017-08-25 14:19:00', 1),
(30, 26, '0.00', 5, '2017-08-25 14:21:00', 1),
(31, 27, '0.00', 5, '2017-08-25 15:08:00', 1),
(32, 28, '0.00', 5, '2017-08-25 17:18:00', 1),
(33, 29, '0.00', 5, '2017-08-25 17:19:00', 1),
(34, 30, '0.00', 9, '2017-08-31 10:14:00', 1),
(35, 31, '0.00', 9, '2017-08-27 10:15:00', 1);

-- --------------------------------------------------------

--
-- Table structure for table `wp_shc_unloading_detail`
--

CREATE TABLE `wp_shc_unloading_detail` (
  `id` int(11) NOT NULL,
  `return_id` int(11) NOT NULL,
  `unloading_id` int(11) NOT NULL,
  `charge_for` varchar(250) NOT NULL,
  `charge_amt` decimal(15,2) NOT NULL,
  `active` int(1) NOT NULL DEFAULT '1'
) ENGINE=InnoDB DEFAULT CHARSET=latin1;

--
-- Dumping data for table `wp_shc_unloading_detail`
--

INSERT INTO `wp_shc_unloading_detail` (`id`, `return_id`, `unloading_id`, `charge_for`, `charge_amt`, `active`) VALUES
(1, 1, 1, 'unloading', '100.00', 1),
(2, 1, 1, 'transportation', '0.00', 1),
(3, 1, 1, 'damage', '0.00', 1),
(4, 2, 2, 'unloading', '0.00', 1),
(5, 2, 2, 'transportation', '0.00', 1),
(6, 2, 2, 'damage', '0.00', 1),
(7, 3, 3, 'unloading', '50.00', 1),
(8, 3, 3, 'transportation', '0.00', 1),
(9, 3, 3, 'damage', '0.00', 1),
(10, 4, 4, 'unloading', '0.00', 1),
(11, 4, 4, 'transportation', '0.00', 1),
(12, 4, 4, 'damage', '0.00', 1),
(13, 5, 5, 'unloading', '0.00', 1),
(14, 5, 5, 'transportation', '0.00', 1),
(15, 5, 5, 'damage', '0.00', 1),
(16, 6, 6, 'unloading', '0.00', 1),
(17, 6, 6, 'transportation', '0.00', 1),
(18, 6, 6, 'damage', '0.00', 1),
(19, 7, 7, 'unloading', '0.00', 1),
(20, 7, 7, 'transportation', '0.00', 1),
(21, 7, 7, 'damage', '0.00', 1),
(22, 8, 8, 'unloading', '500.00', 1),
(23, 8, 8, 'transportation', '0.00', 1),
(24, 8, 8, 'damage', '0.00', 1),
(25, 9, 9, 'unloading', '0.00', 1),
(26, 9, 9, 'transportation', '0.00', 1),
(27, 9, 9, 'damage', '0.00', 1),
(28, 10, 10, 'unloading', '0.00', 1),
(29, 10, 10, 'transportation', '0.00', 1),
(30, 10, 10, 'damage', '0.00', 1),
(31, 11, 11, 'unloading', '0.00', 1),
(32, 11, 11, 'transportation', '0.00', 1),
(33, 11, 11, 'damage', '0.00', 1),
(34, 12, 12, 'unloading', '0.00', 1),
(35, 12, 12, 'transportation', '0.00', 1),
(36, 12, 12, 'damage', '0.00', 1),
(37, 13, 13, 'unloading', '0.00', 1),
(38, 13, 13, 'transportation', '0.00', 1),
(39, 13, 13, 'damage', '0.00', 1),
(40, 14, 14, 'unloading', '100.00', 1),
(41, 14, 14, 'transportation', '0.00', 1),
(42, 14, 14, 'damage', '0.00', 1),
(43, 15, 15, 'unloading', '0.00', 1),
(44, 15, 15, 'transportation', '0.00', 1),
(45, 15, 15, 'damage', '0.00', 1),
(46, 16, 16, 'unloading', '600.00', 1),
(47, 16, 16, 'transportation', '1200.00', 1),
(48, 16, 16, 'damage', '0.00', 1),
(49, 17, 17, 'unloading', '300.00', 1),
(50, 17, 17, 'transportation', '1200.00', 1),
(51, 17, 17, 'damage', '0.00', 1),
(52, 18, 18, 'unloading', '1000.00', 1),
(53, 18, 18, 'transportation', '4500.00', 1),
(54, 18, 18, 'damage', '0.00', 1),
(55, 19, 19, 'unloading', '150.00', 1),
(56, 19, 19, 'transportation', '1200.00', 1),
(57, 19, 19, 'damage', '0.00', 1),
(58, 16, 20, 'unloading', '600.00', 1),
(59, 16, 20, 'transportation', '1200.00', 1),
(60, 16, 20, 'damage', '0.00', 1),
(61, 17, 21, 'unloading', '0.00', 1),
(62, 17, 21, 'transportation', '0.00', 1),
(63, 17, 21, 'damage', '0.00', 1),
(64, 18, 22, 'unloading', '0.00', 1),
(65, 18, 22, 'transportation', '0.00', 1),
(66, 18, 22, 'damage', '0.00', 1),
(67, 19, 23, 'unloading', '0.00', 1),
(68, 19, 23, 'transportation', '0.00', 1),
(69, 19, 23, 'damage', '0.00', 1),
(70, 20, 24, 'unloading', '0.00', 1),
(71, 20, 24, 'transportation', '0.00', 1),
(72, 20, 24, 'damage', '0.00', 1),
(73, 21, 25, 'unloading', '0.00', 1),
(74, 21, 25, 'transportation', '0.00', 1),
(75, 21, 25, 'damage', '0.00', 1),
(76, 22, 26, 'unloading', '0.00', 1),
(77, 22, 26, 'transportation', '0.00', 1),
(78, 22, 26, 'damage', '0.00', 1),
(79, 23, 27, 'unloading', '0.00', 1),
(80, 23, 27, 'transportation', '0.00', 1),
(81, 23, 27, 'damage', '0.00', 1),
(82, 24, 28, 'unloading', '0.00', 1),
(83, 24, 28, 'transportation', '0.00', 1),
(84, 24, 28, 'damage', '0.00', 1),
(85, 25, 29, 'unloading', '0.00', 1),
(86, 25, 29, 'transportation', '0.00', 1),
(87, 25, 29, 'damage', '0.00', 1),
(88, 26, 30, 'unloading', '0.00', 1),
(89, 26, 30, 'transportation', '0.00', 1),
(90, 26, 30, 'damage', '0.00', 1),
(91, 27, 31, 'unloading', '0.00', 1),
(92, 27, 31, 'transportation', '0.00', 1),
(93, 27, 31, 'damage', '0.00', 1),
(94, 28, 32, 'unloading', '0.00', 1),
(95, 28, 32, 'transportation', '0.00', 1),
(96, 28, 32, 'damage', '0.00', 1),
(97, 29, 33, 'unloading', '0.00', 1),
(98, 29, 33, 'transportation', '0.00', 1),
(99, 29, 33, 'damage', '0.00', 1),
(100, 30, 34, 'unloading', '0.00', 1),
(101, 30, 34, 'transportation', '0.00', 1),
(102, 30, 34, 'damage', '0.00', 1),
(103, 31, 35, 'unloading', '0.00', 1),
(104, 31, 35, 'transportation', '0.00', 1),
(105, 31, 35, 'damage', '0.00', 1);

--
-- Indexes for dumped tables
--

--
-- Indexes for table `wp_shc_companies`
--
ALTER TABLE `wp_shc_companies`
  ADD PRIMARY KEY (`id`);

--
-- Indexes for table `wp_shc_customers`
--
ALTER TABLE `wp_shc_customers`
  ADD PRIMARY KEY (`id`);

--
-- Indexes for table `wp_shc_customer_site`
--
ALTER TABLE `wp_shc_customer_site`
  ADD PRIMARY KEY (`id`);

--
-- Indexes for table `wp_shc_delivery`
--
ALTER TABLE `wp_shc_delivery`
  ADD UNIQUE KEY `id` (`id`);

--
-- Indexes for table `wp_shc_delivery_detail`
--
ALTER TABLE `wp_shc_delivery_detail`
  ADD PRIMARY KEY (`id`);

--
-- Indexes for table `wp_shc_deposit`
--
ALTER TABLE `wp_shc_deposit`
  ADD PRIMARY KEY (`id`);

--
-- Indexes for table `wp_shc_deposit_cheque`
--
ALTER TABLE `wp_shc_deposit_cheque`
  ADD PRIMARY KEY (`id`);

--
-- Indexes for table `wp_shc_deposit_detail`
--
ALTER TABLE `wp_shc_deposit_detail`
  ADD UNIQUE KEY `id` (`id`);

--
-- Indexes for table `wp_shc_hiring`
--
ALTER TABLE `wp_shc_hiring`
  ADD PRIMARY KEY (`id`);

--
-- Indexes for table `wp_shc_hiring_detail`
--
ALTER TABLE `wp_shc_hiring_detail`
  ADD PRIMARY KEY (`id`);

--
-- Indexes for table `wp_shc_loading`
--
ALTER TABLE `wp_shc_loading`
  ADD PRIMARY KEY (`id`);

--
-- Indexes for table `wp_shc_loading_detail`
--
ALTER TABLE `wp_shc_loading_detail`
  ADD PRIMARY KEY (`id`);

--
-- Indexes for table `wp_shc_lost`
--
ALTER TABLE `wp_shc_lost`
  ADD PRIMARY KEY (`id`);

--
-- Indexes for table `wp_shc_lost_detail`
--
ALTER TABLE `wp_shc_lost_detail`
  ADD PRIMARY KEY (`id`);

--
-- Indexes for table `wp_shc_lots`
--
ALTER TABLE `wp_shc_lots`
  ADD PRIMARY KEY (`id`);

--
-- Indexes for table `wp_shc_master`
--
ALTER TABLE `wp_shc_master`
  ADD PRIMARY KEY (`id`);

--
-- Indexes for table `wp_shc_obc_cheque`
--
ALTER TABLE `wp_shc_obc_cheque`
  ADD PRIMARY KEY (`id`);

--
-- Indexes for table `wp_shc_return`
--
ALTER TABLE `wp_shc_return`
  ADD PRIMARY KEY (`id`);

--
-- Indexes for table `wp_shc_return_detail`
--
ALTER TABLE `wp_shc_return_detail`
  ADD PRIMARY KEY (`id`);

--
-- Indexes for table `wp_shc_special_price`
--
ALTER TABLE `wp_shc_special_price`
  ADD PRIMARY KEY (`id`);

--
-- Indexes for table `wp_shc_stock`
--
ALTER TABLE `wp_shc_stock`
  ADD PRIMARY KEY (`id`);

--
-- Indexes for table `wp_shc_unloading`
--
ALTER TABLE `wp_shc_unloading`
  ADD PRIMARY KEY (`id`);

--
-- Indexes for table `wp_shc_unloading_detail`
--
ALTER TABLE `wp_shc_unloading_detail`
  ADD PRIMARY KEY (`id`);

--
-- AUTO_INCREMENT for dumped tables
--

--
-- AUTO_INCREMENT for table `wp_shc_companies`
--
ALTER TABLE `wp_shc_companies`
  MODIFY `id` int(11) NOT NULL AUTO_INCREMENT, AUTO_INCREMENT=4;
--
-- AUTO_INCREMENT for table `wp_shc_customers`
--
ALTER TABLE `wp_shc_customers`
  MODIFY `id` int(11) NOT NULL AUTO_INCREMENT, AUTO_INCREMENT=9;
--
-- AUTO_INCREMENT for table `wp_shc_customer_site`
--
ALTER TABLE `wp_shc_customer_site`
  MODIFY `id` int(11) NOT NULL AUTO_INCREMENT, AUTO_INCREMENT=9;
--
-- AUTO_INCREMENT for table `wp_shc_delivery`
--
ALTER TABLE `wp_shc_delivery`
  MODIFY `id` int(11) NOT NULL AUTO_INCREMENT, AUTO_INCREMENT=26;
--
-- AUTO_INCREMENT for table `wp_shc_delivery_detail`
--
ALTER TABLE `wp_shc_delivery_detail`
  MODIFY `id` int(11) NOT NULL AUTO_INCREMENT, AUTO_INCREMENT=57;
--
-- AUTO_INCREMENT for table `wp_shc_deposit`
--
ALTER TABLE `wp_shc_deposit`
  MODIFY `id` int(11) NOT NULL AUTO_INCREMENT, AUTO_INCREMENT=19;
--
-- AUTO_INCREMENT for table `wp_shc_deposit_cheque`
--
ALTER TABLE `wp_shc_deposit_cheque`
  MODIFY `id` int(11) NOT NULL AUTO_INCREMENT, AUTO_INCREMENT=13;
--
-- AUTO_INCREMENT for table `wp_shc_deposit_detail`
--
ALTER TABLE `wp_shc_deposit_detail`
  MODIFY `id` int(11) NOT NULL AUTO_INCREMENT, AUTO_INCREMENT=69;
--
-- AUTO_INCREMENT for table `wp_shc_hiring`
--
ALTER TABLE `wp_shc_hiring`
  MODIFY `id` int(11) NOT NULL AUTO_INCREMENT, AUTO_INCREMENT=15;
--
-- AUTO_INCREMENT for table `wp_shc_hiring_detail`
--
ALTER TABLE `wp_shc_hiring_detail`
  MODIFY `id` int(11) NOT NULL AUTO_INCREMENT, AUTO_INCREMENT=122;
--
-- AUTO_INCREMENT for table `wp_shc_loading`
--
ALTER TABLE `wp_shc_loading`
  MODIFY `id` int(11) NOT NULL AUTO_INCREMENT, AUTO_INCREMENT=9;
--
-- AUTO_INCREMENT for table `wp_shc_loading_detail`
--
ALTER TABLE `wp_shc_loading_detail`
  MODIFY `id` int(11) NOT NULL AUTO_INCREMENT, AUTO_INCREMENT=17;
--
-- AUTO_INCREMENT for table `wp_shc_lost`
--
ALTER TABLE `wp_shc_lost`
  MODIFY `id` int(11) NOT NULL AUTO_INCREMENT, AUTO_INCREMENT=6;
--
-- AUTO_INCREMENT for table `wp_shc_lost_detail`
--
ALTER TABLE `wp_shc_lost_detail`
  MODIFY `id` bigint(20) NOT NULL AUTO_INCREMENT, AUTO_INCREMENT=7;
--
-- AUTO_INCREMENT for table `wp_shc_lots`
--
ALTER TABLE `wp_shc_lots`
  MODIFY `id` int(11) NOT NULL AUTO_INCREMENT, AUTO_INCREMENT=39;
--
-- AUTO_INCREMENT for table `wp_shc_master`
--
ALTER TABLE `wp_shc_master`
  MODIFY `id` int(11) NOT NULL AUTO_INCREMENT, AUTO_INCREMENT=10;
--
-- AUTO_INCREMENT for table `wp_shc_obc_cheque`
--
ALTER TABLE `wp_shc_obc_cheque`
  MODIFY `id` int(11) NOT NULL AUTO_INCREMENT, AUTO_INCREMENT=3;
--
-- AUTO_INCREMENT for table `wp_shc_return`
--
ALTER TABLE `wp_shc_return`
  MODIFY `id` int(11) NOT NULL AUTO_INCREMENT, AUTO_INCREMENT=32;
--
-- AUTO_INCREMENT for table `wp_shc_return_detail`
--
ALTER TABLE `wp_shc_return_detail`
  MODIFY `id` int(11) NOT NULL AUTO_INCREMENT, AUTO_INCREMENT=53;
--
-- AUTO_INCREMENT for table `wp_shc_special_price`
--
ALTER TABLE `wp_shc_special_price`
  MODIFY `id` int(11) NOT NULL AUTO_INCREMENT, AUTO_INCREMENT=9;
--
-- AUTO_INCREMENT for table `wp_shc_stock`
--
ALTER TABLE `wp_shc_stock`
  MODIFY `id` int(11) NOT NULL AUTO_INCREMENT, AUTO_INCREMENT=7;
--
-- AUTO_INCREMENT for table `wp_shc_unloading`
--
ALTER TABLE `wp_shc_unloading`
  MODIFY `id` int(11) NOT NULL AUTO_INCREMENT, AUTO_INCREMENT=36;
--
-- AUTO_INCREMENT for table `wp_shc_unloading_detail`
--
ALTER TABLE `wp_shc_unloading_detail`
  MODIFY `id` int(11) NOT NULL AUTO_INCREMENT, AUTO_INCREMENT=106;
/*!40101 SET CHARACTER_SET_CLIENT=@OLD_CHARACTER_SET_CLIENT */;
/*!40101 SET CHARACTER_SET_RESULTS=@OLD_CHARACTER_SET_RESULTS */;
/*!40101 SET COLLATION_CONNECTION=@OLD_COLLATION_CONNECTION */;
